# iter time(ns) max_DgradR max_DgradZ max_vRrho max_vZrho
2 0.000 9.3070523662e+00 1.1616046074e+01 9.1375487788e+02 8.6912366511e+02
3 0.077 6.1221385700e+00 7.6354769358e+00 6.0077851755e+02 5.7137613820e+02
4 0.155 3.6624517705e+00 4.5701853182e+00 3.6073537918e+02 3.4271396801e+02
5 0.232 3.0570462010e+00 3.8192839432e+00 3.0165694656e+02 2.8658694184e+02
6 0.309 2.4102859900e+00 2.7689175669e+00 2.3712091405e+02 2.2525342832e+02
7 0.387 1.9424927236e+00 1.8687262360e+00 1.9233935721e+02 1.8251846803e+02
8 0.464 1.4337543540e+00 1.8307958617e+00 1.7527994052e+02 1.6633010885e+02
9 0.541 1.2093371532e+00 1.5800401684e+00 1.4813200925e+02 1.4055577616e+02
10 0.619 1.1222533089e+00 1.2626249632e+00 1.3115173388e+02 1.2431190168e+02
11 0.696 9.4880106459e-01 1.0818603480e+00 1.2342378292e+02 1.1698697922e+02
12 0.773 7.5105392340e-01 9.9018582569e-01 1.0786806790e+02 1.0223398586e+02
13 0.851 7.2520363348e-01 8.7927031380e-01 9.9496362425e+01 9.4199877829e+01
14 0.928 6.6333811615e-01 8.0282183640e-01 9.5225633495e+01 9.0156492386e+01
15 1.005 5.6687364086e-01 6.8775370298e-01 8.5744486052e+01 8.1180054363e+01
16 1.083 5.0698455728e-01 6.3660816989e-01 8.0143295220e+01 7.5791279695e+01
17 1.160 4.8792629150e-01 6.0840703465e-01 7.7509708239e+01 7.3300704196e+01
18 1.237 4.3997513120e-01 5.4772701893e-01 7.1247556015e+01 6.7378605168e+01
19 1.315 3.9762698226e-01 4.7785336248e-01 6.7086331595e+01 6.3372302185e+01
20 1.392 3.7377538591e-01 4.7229889274e-01 6.5348888565e+01 6.1731047370e+01
21 1.469 3.5023306542e-01 4.4144158300e-01 6.0944451211e+01 5.7570448209e+01
22 1.547 3.2456667769e-01 4.0124369491e-01 5.7681744520e+01 5.4427909435e+01
23 1.624 2.9566437385e-01 3.7470960856e-01 5.6484651643e+01 5.3298344730e+01
24 1.701 2.8511473859e-01 3.6074256453e-01 5.3245836975e+01 5.0242232040e+01
25 1.779 2.6930747599e-01 3.3860163171e-01 5.0584398172e+01 4.7678442393e+01
26 1.856 2.4999281900e-01 3.1677742724e-01 4.9735566049e+01 4.6878373697e+01
27 1.933 2.3659763961e-01 2.9872748957e-01 4.7275006518e+01 4.4559167577e+01
28 2.011 2.2683018559e-01 2.8778582115e-01 4.5037069651e+01 4.2403535548e+01
29 2.088 2.1494906147e-01 2.7482741328e-01 4.4424883900e+01 4.1827147243e+01
30 2.166 1.9956993651e-01 2.5326588747e-01 4.2508165481e+01 4.0022508570e+01
31 2.243 1.9360938687e-01 2.4645624844e-01 4.0581202692e+01 3.8166960832e+01
32 2.320 1.8657683550e-01 2.3950179779e-01 4.0136282549e+01 3.7748509713e+01
33 2.398 1.7377699386e-01 2.2490304713e-01 3.8614206185e+01 3.6316984152e+01
34 2.475 1.6719607374e-01 2.1261157129e-01 3.6922854854e+01 3.4689089496e+01
35 2.552 1.6338425196e-01 2.0975667559e-01 3.6600094378e+01 3.4385855440e+01
36 2.630 1.5453177296e-01 2.0019164120e-01 3.5372827434e+01 3.3232835907e+01
37 2.707 1.4612700721e-01 1.8966349008e-01 3.4024650684e+01 3.1933331859e+01
38 2.784 1.4423441079e-01 1.8462660003e-01 3.3633522946e+01 3.1565243656e+01
39 2.862 1.3820998948e-01 1.7873086233e-01 3.2632302712e+01 3.0625593037e+01
40 2.939 1.2927524373e-01 1.7190221393e-01 3.1568740885e+01 2.9597089128e+01
41 3.016 1.2826311806e-01 1.6328165308e-01 3.1108949331e+01 2.9165241719e+01
42 3.094 1.2428899862e-01 1.6007781746e-01 3.0284266846e+01 2.8392085938e+01
43 3.171 1.1723838712e-01 1.5602280270e-01 2.9441880168e+01 2.7574189736e+01
44 3.248 1.1481881265e-01 1.4983144444e-01 2.8933700770e+01 2.7097667735e+01
45 3.326 1.1234794986e-01 1.4383246856e-01 2.8249814157e+01 2.6457178211e+01
46 3.403 1.0710798194e-01 1.4185608368e-01 2.7581673145e+01 2.5805221051e+01
47 3.480 1.0339970867e-01 1.3764268993e-01 2.7039869976e+01 2.5297900377e+01
48 3.558 1.0203985788e-01 1.3047137950e-01 2.6469445790e+01 2.4764224208e+01
49 3.635 9.8197290690e-02 1.2921924703e-01 2.5940751798e+01 2.4245075677e+01
50 3.712 9.3623213183e-02 1.2656056413e-01 2.5375535496e+01 2.3716537054e+01
51 3.790 9.3089697070e-02 1.2116200003e-01 2.4898208891e+01 2.3270417045e+01
52 3.867 9.0331422579e-02 1.1791622165e-01 2.4482099128e+01 2.2858502127e+01
53 3.944 8.6151748049e-02 1.1647911883e-01 2.3901081115e+01 2.2315875069e+01
54 4.022 8.5273587381e-02 1.1252749924e-01 2.3500846571e+01 2.1942185526e+01
55 4.099 8.3363256237e-02 1.0895401690e-01 2.3176606993e+01 2.1617785680e+01
56 4.176 7.9810391147e-02 1.0730928396e-01 2.2653936029e+01 2.1130268725e+01
57 4.254 7.8408869268e-02 1.0455033709e-01 2.2249768431e+01 2.0753258311e+01
58 4.331 7.7165308460e-02 1.0211333349e-01 2.2000963901e+01 2.0500732502e+01
59 4.408 7.4374864686e-02 9.8980278653e-02 2.1550428043e+01 2.0080918391e+01
60 4.486 7.2349417555e-02 9.7201396688e-02 2.1122647617e+01 1.9682379165e+01
61 4.563 7.1632331634e-02 9.5696505037e-02 2.0935784206e+01 1.9488895033e+01
62 4.640 6.9498265947e-02 9.2607312143e-02 2.0546355915e+01 1.9126380450e+01
63 4.718 6.7123868854e-02 9.0431258402e-02 2.0101364697e+01 1.8712301800e+01
64 4.795 6.6673284248e-02 8.9693042544e-02 1.9964821025e+01 1.8566831221e+01
65 4.872 6.5075713129e-02 8.7399190823e-02 1.9626895475e+01 1.8252568116e+01
66 4.950 6.2991598872e-02 8.4206319816e-02 1.9170672143e+01 1.7828526842e+01
67 5.027 6.2210900823e-02 8.4086008186e-02 1.9074288792e+01 1.7721446488e+01
68 5.104 6.1051942318e-02 8.2468881539e-02 1.8781771709e+01 1.7449676154e+01
69 5.182 5.9215659099e-02 7.9739870455e-02 1.8317036849e+01 1.7018205367e+01
70 5.259 5.8175102297e-02 7.8851750971e-02 1.8255392533e+01 1.6940625194e+01
71 5.336 5.7371472652e-02 7.7811756585e-02 1.8004211013e+01 1.6707533960e+01
72 5.414 5.5756154778e-02 7.5764075462e-02 1.7541875296e+01 1.6278496015e+01
73 5.491 5.4497369135e-02 7.3962793363e-02 1.7501354670e+01 1.6218611754e+01
74 5.568 5.3987775256e-02 7.3414761755e-02 1.7286548099e+01 1.6019549199e+01
75 5.646 5.2594895547e-02 7.1931854648e-02 1.6877503507e+01 1.5639158365e+01
76 5.723 5.1296849439e-02 7.0504826953e-02 1.6804776600e+01 1.5551890541e+01
77 5.800 5.0897094596e-02 6.9245583101e-02 1.6621978856e+01 1.5382721349e+01
78 5.878 4.9827280438e-02 6.8266395048e-02 1.6268555907e+01 1.5045341991e+01
79 5.955 4.8638102044e-02 6.7263055542e-02 1.6159122343e+01 1.4934178320e+01
80 6.032 4.8074856541e-02 6.5325644934e-02 1.6004634190e+01 1.4791401159e+01
81 6.110 4.7272567694e-02 6.4772317949e-02 1.5700031353e+01 1.4492218835e+01
82 6.187 4.6184074532e-02 6.4140551185e-02 1.5558808941e+01 1.4360105270e+01
83 6.265 4.5480753592e-02 6.2618458603e-02 1.5429476275e+01 1.4240736834e+01
84 6.342 4.4905977558e-02 6.1445383576e-02 1.5167882607e+01 1.3981983103e+01
85 6.419 4.3905717418e-02 6.1138855169e-02 1.4999046994e+01 1.3825065362e+01
86 6.497 4.3090467304e-02 5.9986933428e-02 1.4892182266e+01 1.3726564981e+01
87 6.574 4.2709956072e-02 5.8451794981e-02 1.4668580895e+01 1.3503806160e+01
88 6.651 4.1787234105e-02 5.8258938949e-02 1.4510504899e+01 1.3358282362e+01
89 6.729 4.0883211253e-02 5.7435132139e-02 1.4388906691e+01 1.3245187456e+01
90 6.806 4.0668670634e-02 5.6254344647e-02 1.4199011096e+01 1.3054343260e+01
91 6.883 3.9890003213e-02 5.5498357585e-02 1.4063478755e+01 1.2929736997e+01
92 6.961 3.9093832836e-02 5.4966916040e-02 1.3916415751e+01 1.2793487241e+01
93 7.038 3.8768051678e-02 5.4100934458e-02 1.3756514504e+01 1.2631027142e+01
94 7.115 3.8165100486e-02 5.3054539712e-02 1.3641329549e+01 1.2525266028e+01
95 7.193 3.7415420687e-02 5.2582655653e-02 1.3471800569e+01 1.2368667163e+01
96 7.270 3.6995478362e-02 5.1996909888e-02 1.3338602988e+01 1.2231462001e+01
97 7.347 3.6545928976e-02 5.1207216621e-02 1.3241957849e+01 1.2142838676e+01
98 7.425 3.5837797580e-02 5.0282247557e-02 1.3052529954e+01 1.1968289425e+01
99 7.502 3.5339542562e-02 4.9945501569e-02 1.2943177667e+01 1.1853624900e+01
100 7.579 3.5024256453e-02 4.9388862138e-02 1.2863390898e+01 1.1780554557e+01
101 7.657 3.4352992619e-02 4.8276264084e-02 1.2674083756e+01 1.1607183233e+01
102 7.734 3.3790037188e-02 4.7948729650e-02 1.2568356361e+01 1.1495700245e+01
103 7.811 3.3592287574e-02 4.7603253738e-02 1.2503945485e+01 1.1436786565e+01
104 7.889 3.2989389559e-02 4.6721709795e-02 1.2335846670e+01 1.1283034274e+01
105 7.966 3.2393608004e-02 4.6008219013e-02 1.2212409870e+01 1.1156024044e+01
106 8.043 3.2243368765e-02 4.5854213162e-02 1.2162033355e+01 1.1110005149e+01
107 8.121 3.1762247888e-02 4.5179911975e-02 1.2013194110e+01 1.0974040649e+01
108 8.198 3.1188428963e-02 4.4427631898e-02 1.1873793741e+01 1.0833109828e+01
109 8.275 3.0968110485e-02 4.4137057603e-02 1.1836160107e+01 1.0798774610e+01
110 8.353 3.0598934239e-02 4.3660049422e-02 1.1705299522e+01 1.0679383359e+01
111 8.430 3.0043450768e-02 4.3097652887e-02 1.1551299603e+01 1.0525783953e+01
112 8.507 2.9765743411e-02 4.2464242468e-02 1.1525384707e+01 1.0502169762e+01
113 8.585 2.9492899582e-02 4.2160155694e-02 1.1410811814e+01 1.0397768564e+01
114 8.662 2.8957318088e-02 4.1777602954e-02 1.1269960756e+01 1.0257150662e+01
115 8.739 2.8628046722e-02 4.1136350002e-02 1.1228509438e+01 1.0219039333e+01
116 8.817 2.8443870786e-02 4.0689811359e-02 1.1129180143e+01 1.0128639981e+01
117 8.894 2.7955796157e-02 4.0464816790e-02 1.1006954385e+01 1.0005483761e+01
118 8.971 2.7552603885e-02 3.9986070102e-02 1.0944540881e+01 9.9484232502e+00
119 9.049 2.7445146603e-02 3.9244324314e-02 1.0859150730e+01 9.8708048854e+00
120 9.126 2.7049974205e-02 3.9168413024e-02 1.0754199358e+01 9.7638239208e+00
121 9.203 2.6572516985e-02 3.8834761748e-02 1.0672478479e+01 9.6893589203e+00
122 9.281 2.6496097278e-02 3.8135739056e-02 1.0600140384e+01 9.6236844128e+00
123 9.358 2.6182270190e-02 3.7884941713e-02 1.0510815072e+01 9.5313296147e+00
124 9.435 2.5714949789e-02 3.7690559006e-02 1.0414139585e+01 9.4436631557e+00
125 9.513 2.5591067033e-02 3.7135917043e-02 1.0351235344e+01 9.3864047100e+00
126 9.590 2.5353094179e-02 3.6624774067e-02 1.0276383995e+01 9.3075836263e+00
127 9.667 2.4893191784e-02 3.6551261257e-02 1.0192405073e+01 9.2315217702e+00
128 9.745 2.4729313158e-02 3.6136332230e-02 1.0111883699e+01 9.1584243348e+00
129 9.822 2.4557954664e-02 3.5752173503e-02 1.0050200222e+01 9.0919096520e+00
130 9.899 2.4154829334e-02 3.5423176309e-02 9.9782486966e+00 9.0268187328e+00
131 9.977 2.3906228452e-02 3.5133882934e-02 9.8813754227e+00 8.9390613479e+00
132 10.054 2.3796973486e-02 3.4872279821e-02 9.8318659339e+00 8.8839135952e+00
133 10.131 2.3463155791e-02 3.4348040926e-02 9.7710223744e+00 8.8289363478e+00
134 10.209 2.3120964550e-02 3.4136064334e-02 9.6591997749e+00 8.7278172328e+00
135 10.286 2.3066404172e-02 3.3983652635e-02 9.6208277127e+00 8.6830634222e+00
136 10.363 2.2797840156e-02 3.3577915022e-02 9.5704901604e+00 8.6376323874e+00
137 10.441 2.2379695059e-02 3.3140141348e-02 9.4606562066e+00 8.5385042026e+00
138 10.518 2.2366193492e-02 3.3092692878e-02 9.4166909456e+00 8.4889737319e+00
139 10.596 2.2155642243e-02 3.2794690853e-02 9.3761136430e+00 8.4523940398e+00
140 10.673 2.1755609331e-02 3.2254499136e-02 9.2784698946e+00 8.3643699961e+00
141 10.750 2.1693122664e-02 3.2197726108e-02 9.2190697190e+00 8.3012675230e+00
142 10.828 2.1537251741e-02 3.2004821794e-02 9.1876871697e+00 8.2730092556e+00
143 10.905 2.1196701636e-02 3.1570705607e-02 9.1013256358e+00 8.1952454228e+00
144 10.982 2.1047101444e-02 3.1304056383e-02 9.0275576656e+00 8.1195537785e+00
145 11.060 2.0939890455e-02 3.1206630635e-02 9.0047790277e+00 8.0990662466e+00
146 11.137 2.0655883938e-02 3.0875488886e-02 8.9291548536e+00 8.0310484536e+00
147 11.214 2.0425386575e-02 3.0582888899e-02 8.8575214630e+00 7.9574921309e+00
148 11.292 2.0364034347e-02 3.0405523873e-02 8.8270963407e+00 7.9302781646e+00
149 11.369 2.0130818072e-02 3.0167727107e-02 8.7615173509e+00 7.8713618901e+00
150 11.446 1.9860682577e-02 2.9966220689e-02 8.7001403993e+00 7.8073054390e+00
151 11.524 1.9807234167e-02 2.9599758772e-02 8.6543338289e+00 7.7663487725e+00
152 11.601 1.9622231538e-02 2.9452086223e-02 8.5983039072e+00 7.7160678471e+00
153 11.678 1.9335394207e-02 2.9334406502e-02 8.5463728245e+00 7.6607570488e+00
154 11.756 1.9269891347e-02 2.8994998242e-02 8.4863645738e+00 7.6071451170e+00
155 11.833 1.9128225153e-02 2.8728010388e-02 8.4392453419e+00 7.5649076158e+00
156 11.910 1.8838809491e-02 2.8692167623e-02 8.3962020588e+00 7.5178165974e+00
157 11.988 1.8750041834e-02 2.8436568860e-02 8.3344082814e+00 7.4624874996e+00
158 12.065 1.8649584116e-02 2.8022938489e-02 8.2842294641e+00 7.4177617101e+00
159 12.142 1.8404801970e-02 2.8018986036e-02 8.2493954671e+00 7.3782603916e+00
160 12.220 1.8271171400e-02 2.7843638986e-02 8.1964138015e+00 7.3308735829e+00
161 12.297 1.8184386775e-02 2.7504694909e-02 8.1328934887e+00 7.2742894159e+00
162 12.374 1.7982152331e-02 2.7325759061e-02 8.1057547266e+00 7.2418958165e+00
163 12.452 1.7830772300e-02 2.7228906015e-02 8.0610348556e+00 7.2019419001e+00
164 12.529 1.7733097408e-02 2.6970587937e-02 7.9852210861e+00 7.1344604971e+00
165 12.606 1.7569514287e-02 2.6730432813e-02 7.9650048448e+00 7.1084644742e+00
166 12.684 1.7403071056e-02 2.6604196272e-02 7.9278433573e+00 7.0752992572e+00
167 12.761 1.7294824526e-02 2.6418106507e-02 7.8504383448e+00 7.0062182218e+00
168 12.838 1.7168196280e-02 2.6254690463e-02 7.8247362865e+00 6.9743180833e+00
169 12.916 1.6986888964e-02 2.5967062255e-02 7.7940446120e+00 6.9469620814e+00
170 12.993 1.6888678888e-02 2.5849419115e-02 7.7247294784e+00 6.8851803457e+00
171 13.070 1.6778006349e-02 2.5757326697e-02 7.6855213338e+00 6.8343956846e+00
172 13.148 1.6583781142e-02 2.5490177176e-02 7.6614768483e+00 6.8130139825e+00
173 13.225 1.6518269814e-02 2.5256073159e-02 7.6000475750e+00 6.7583876348e+00
174 13.302 1.6394164996e-02 2.5232194469e-02 7.5484005080e+00 6.6970246913e+00
175 13.380 1.6215428414e-02 2.5036721135e-02 7.5313581150e+00 6.6819044911e+00
176 13.457 1.6156224993e-02 2.4719623485e-02 7.4780622011e+00 6.6346197649e+00
177 13.534 1.6015365615e-02 2.4671859840e-02 7.4308737400e+00 6.5794121014e+00
178 13.612 1.5868642418e-02 2.4545104455e-02 7.4036744951e+00 6.5535986870e+00
179 13.689 1.5794008748e-02 2.4292128746e-02 7.3581003853e+00 6.5132573097e+00
180 13.766 1.5662044449e-02 2.4098764175e-02 7.3180555854e+00 6.4647350525e+00
181 13.844 1.5524687603e-02 2.4038076219e-02 7.2784239556e+00 6.4280740206e+00
182 13.921 1.5408818893e-02 2.3846415891e-02 7.2402328091e+00 6.3943448069e+00
183 13.998 1.5310930639e-02 2.3674613666e-02 7.2068481225e+00 6.3520472916e+00
184 14.076 1.5166350244e-02 2.3516527216e-02 7.1592333808e+00 6.3100801118e+00
185 14.153 1.5033664539e-02 2.3382821269e-02 7.1242461532e+00 6.2776750105e+00
186 14.230 1.4972849811e-02 2.3272840124e-02 7.0971400908e+00 6.2412320665e+00
187 14.308 1.4818739873e-02 2.3019993331e-02 7.0567606108e+00 6.2057223115e+00
188 14.385 1.4685686356e-02 2.2903374286e-02 7.0100914264e+00 6.1631850162e+00
189 14.462 1.4651245078e-02 2.2852796403e-02 6.9888849693e+00 6.1322349344e+00
190 14.540 1.4519879020e-02 2.2661540531e-02 6.9554250304e+00 6.1028762875e+00
191 14.617 1.4361741927e-02 2.2409051724e-02 6.8976209641e+00 6.0507315517e+00
192 14.695 1.4335191692e-02 2.2415233869e-02 6.8819223897e+00 6.0249034720e+00
193 14.772 1.4232558294e-02 2.2283349829e-02 6.8550212087e+00 6.0013523464e+00
194 14.849 1.4065595644e-02 2.2066538499e-02 6.7988193672e+00 5.9521494274e+00
195 14.927 1.4025364314e-02 2.1961179953e-02 6.7761368602e+00 5.9191190721e+00
196 15.004 1.3949867409e-02 2.1886857705e-02 6.7555520420e+00 5.9011377366e+00
197 15.081 1.3787884602e-02 2.1720536769e-02 6.7064524089e+00 5.8582480222e+00
198 15.159 1.3721630388e-02 2.1557178124e-02 6.6714470777e+00 5.8148006864e+00
199 15.236 1.3671559746e-02 2.1472856572e-02 6.6567894340e+00 5.8020251557e+00
200 15.313 1.3537140965e-02 2.1354850685e-02 6.6144071243e+00 5.7650849416e+00
201 15.391 1.3423648325e-02 2.1245242150e-02 6.5802337466e+00 5.7238821606e+00
202 15.468 1.3397535519e-02 2.1042567036e-02 6.5583984225e+00 5.7037154172e+00
203 15.545 1.3289247270e-02 2.0970746645e-02 6.5223665431e+00 5.6723791713e+00
204 15.623 1.3158309482e-02 2.0913217376e-02 6.4940929302e+00 5.6365778494e+00
205 15.700 1.3125460656e-02 2.0737836327e-02 6.4599055911e+00 5.6057870306e+00
206 15.777 1.3041928708e-02 2.0569078150e-02 6.4299701754e+00 5.5798096285e+00
207 15.855 1.2902649363e-02 2.0561892224e-02 6.4073240763e+00 5.5491509998e+00
208 15.932 1.2856351928e-02 2.0438580590e-02 6.3707697814e+00 5.5174926509e+00
209 16.009 1.2796251010e-02 2.0255914977e-02 6.3364813931e+00 5.4881213964e+00
210 16.087 1.2663658665e-02 2.0192258799e-02 6.3188348404e+00 5.4619415350e+00
211 16.164 1.2609747505e-02 2.0119604281e-02 6.2883639852e+00 5.4356028137e+00
212 16.241 1.2553270569e-02 1.9979450733e-02 6.2437109243e+00 5.3974547082e+00
213 16.319 1.2443261769e-02 1.9830412130e-02 6.2304421374e+00 5.3752991986e+00
214 16.396 1.2379912768e-02 1.9779601952e-02 6.2060225248e+00 5.3542312357e+00
215 16.473 1.2312608326e-02 1.9681345784e-02 6.1580993027e+00 5.3128855892e+00
216 16.551 1.2225622246e-02 1.9580803325e-02 6.1424215843e+00 5.2893523837e+00
217 16.628 1.2152819136e-02 1.9423012311e-02 6.1237648116e+00 5.2732866930e+00
218 16.705 1.2084675200e-02 1.9364359343e-02 6.0822372764e+00 5.2375265674e+00
219 16.783 1.2009540445e-02 1.9310160133e-02 6.0547707421e+00 5.2040931646e+00
220 16.860 1.1926776515e-02 1.9155199120e-02 6.0416863076e+00 5.1928470548e+00
221 16.937 1.1880000425e-02 1.9026500374e-02 6.0062876547e+00 5.1624218092e+00
222 17.015 1.1794616495e-02 1.9017886000e-02 5.9785084201e+00 5.1284113008e+00
223 17.092 1.1703714797e-02 1.8909701570e-02 5.9597785864e+00 5.1128998449e+00
224 17.169 1.1675932271e-02 1.8759071838e-02 5.9302415832e+00 5.0875600211e+00
225 17.247 1.1584696078e-02 1.8703593258e-02 5.9066742454e+00 5.0573841426e+00
226 17.324 1.1493726166e-02 1.8639831010e-02 5.8780095714e+00 5.0334130919e+00
227 17.401 1.1473780818e-02 1.8528829577e-02 5.8541800188e+00 5.0130075480e+00
228 17.479 1.1401925457e-02 1.8401637261e-02 5.8345074517e+00 4.9863804701e+00
229 17.556 1.1301283625e-02 1.8340080028e-02 5.8057332291e+00 4.9617889818e+00
230 17.633 1.1272196647e-02 1.8272281829e-02 5.7779976057e+00 4.9386707049e+00
231 17.711 1.1220171411e-02 1.8186650239e-02 5.7620195903e+00 4.9154062459e+00
232 17.788 1.1109294908e-02 1.8016008618e-02 5.7387494172e+00 4.8955551586e+00
233 17.865 1.1071275830e-02 1.7985212887e-02 5.7017084676e+00 4.8645570165e+00
234 17.943 1.1038124034e-02 1.7939588436e-02 5.6892308624e+00 4.8444780048e+00
235 18.020 1.0947346354e-02 1.7808435896e-02 5.6713351044e+00 4.8292394589e+00
236 18.097 1.0871107132e-02 1.7675737210e-02 5.6340679179e+00 4.7975058081e+00
237 18.175 1.0855895385e-02 1.7675782333e-02 5.6161563520e+00 4.7736064757e+00
238 18.252 1.0784306752e-02 1.7589704003e-02 5.6034320047e+00 4.7627910669e+00
239 18.329 1.0697667955e-02 1.7470155426e-02 5.5718072384e+00 4.7359107275e+00
240 18.407 1.0673569308e-02 1.7393542435e-02 5.5445191365e+00 4.7035807780e+00
241 18.484 1.0620280626e-02 1.7350015145e-02 5.5350658441e+00 4.6962289252e+00
242 18.561 1.0527066235e-02 1.7259603136e-02 5.5088746584e+00 4.6740070028e+00
243 18.639 1.0492127025e-02 1.7160389919e-02 5.4851079694e+00 4.6448549480e+00
244 18.716 1.0455418388e-02 1.7089755144e-02 5.4662350764e+00 4.6295528379e+00
245 18.794 1.0368166725e-02 1.7029224443e-02 5.4452821484e+00 4.6118070429e+00
246 18.871 1.0334977967e-02 1.6970349631e-02 5.4248646547e+00 4.5856749196e+00
247 18.948 1.0290791502e-02 1.6834855054e-02 5.4000276447e+00 4.5646800264e+00
248 19.026 1.0220259368e-02 1.6778868006e-02 5.3810641132e+00 4.5493385369e+00
249 19.103 1.0179747412e-02 1.6759013056e-02 5.3633885609e+00 4.5257041847e+00
250 19.180 1.0125434342e-02 1.6663255133e-02 5.3434338886e+00 4.5088661460e+00
251 19.258 1.0071967089e-02 1.6539354340e-02 5.3160809343e+00 4.4862461598e+00
252 19.335 1.0023358486e-02 1.6526315350e-02 5.3007899767e+00 4.4630882406e+00
253 19.412 9.9842630970e-03 1.6469593310e-02 5.2857136743e+00 4.4503944971e+00
254 19.490 9.9223334645e-03 1.6372670488e-02 5.2540987522e+00 4.4237757879e+00
255 19.567 9.8667857866e-03 1.6273261050e-02 5.2371071020e+00 4.4009821514e+00
256 19.644 9.8428696763e-03 1.6251944605e-02 5.2268652222e+00 4.3910642828e+00
257 19.722 9.7726396051e-03 1.6177123214e-02 5.2004493799e+00 4.3688724610e+00
258 19.799 9.7092468999e-03 1.6110481634e-02 5.1731037445e+00 4.3391011972e+00
259 19.876 9.7007800805e-03 1.6011423262e-02 5.1672356616e+00 4.3313747166e+00
260 19.954 9.6458567386e-03 1.5960278989e-02 5.1457834941e+00 4.3133926887e+00
261 20.031 9.5682116204e-03 1.5930151559e-02 5.1215241769e+00 4.2832620222e+00
262 20.108 9.5571499594e-03 1.5832206315e-02 5.1067776357e+00 4.2712862988e+00
263 20.186 9.5179138001e-03 1.5733255382e-02 5.0901918816e+00 4.2574140472e+00
264 20.263 9.4351631388e-03 1.5728402936e-02 5.0688033868e+00 4.2308167661e+00
265 20.340 9.4113713183e-03 1.5664114855e-02 5.0491986951e+00 4.2135213442e+00
266 20.418 9.3872208746e-03 1.5562261622e-02 5.0336811257e+00 4.2009447468e+00
267 20.495 9.3201131520e-03 1.5507421807e-02 5.0150289274e+00 4.1785760764e+00
268 20.572 9.2676590978e-03 1.5479608951e-02 5.0001475274e+00 4.1634966769e+00
269 20.650 9.2514390873e-03 1.5399567867e-02 4.9761991429e+00 4.1439438036e+00
270 20.727 9.1985558195e-03 1.5329917525e-02 4.9602129811e+00 4.1256453496e+00
271 20.804 9.1386382245e-03 1.5272198934e-02 4.9498867722e+00 4.1127149003e+00
272 20.882 9.1116380924e-03 1.5216608979e-02 4.9252544501e+00 4.0922486305e+00
273 20.959 9.0734163604e-03 1.5181715088e-02 4.9043109519e+00 4.0721757694e+00
274 21.036 9.0096730335e-03 1.5085641121e-02 4.8984483583e+00 4.0612051990e+00
275 21.114 8.9842344922e-03 1.5021715139e-02 4.8785022130e+00 4.0446682504e+00
276 21.191 8.9490423231e-03 1.5010051530e-02 4.8528557664e+00 4.0181433063e+00
277 21.268 8.8873995083e-03 1.4948534250e-02 4.8459091255e+00 4.0090364651e+00
278 21.346 8.8697676988e-03 1.4847252131e-02 4.8305625757e+00 3.9963402143e+00
279 21.423 8.8239899427e-03 1.4818368471e-02 4.8074468008e+00 3.9724641391e+00
280 21.500 8.7757099574e-03 1.4788004745e-02 4.7923046294e+00 3.9562397227e+00
281 21.578 8.7519876999e-03 1.4709532499e-02 4.7813797993e+00 3.9472208372e+00
282 21.655 8.7158408318e-03 1.4645244103e-02 4.7607011430e+00 3.9272862492e+00
283 21.732 8.6628185657e-03 1.4610465602e-02 4.7474451666e+00 3.9104196616e+00
284 21.810 8.6321148124e-03 1.4555372856e-02 4.7309538986e+00 3.8973140726e+00
285 21.887 8.6088544539e-03 1.4516690711e-02 4.7126454304e+00 3.8811742947e+00
286 21.964 8.5499323436e-03 1.4429441893e-02 4.7037071266e+00 3.8662090508e+00
287 22.042 8.5103659060e-03 1.4388868106e-02 4.6820093051e+00 3.8483745403e+00
288 22.119 8.5004121328e-03 1.4370316357e-02 4.6642425369e+00 3.8342596353e+00
289 22.196 8.4544176476e-03 1.4312683213e-02 4.6585351189e+00 3.8210369283e+00
290 22.274 8.3967540352e-03 1.4214085817e-02 4.6412581663e+00 3.8068659772e+00
291 22.351 8.3888571538e-03 1.4201173032e-02 4.6158597283e+00 3.7865321172e+00
292 22.428 8.3562448914e-03 1.4175478926e-02 4.6120028501e+00 3.7749683108e+00
293 22.506 8.2933141095e-03 1.4097300242e-02 4.5990671135e+00 3.7643802871e+00
294 22.583 8.2750336171e-03 1.4038978143e-02 4.5748675607e+00 3.7438851758e+00
295 22.660 8.2545977935e-03 1.4015530399e-02 4.5641583696e+00 3.7280456274e+00
296 22.738 8.2014500758e-03 1.3968236507e-02 4.5554134684e+00 3.7209027135e+00
297 22.815 8.1779484526e-03 1.3929625672e-02 4.5348086917e+00 3.7040725464e+00
298 22.892 8.1511966787e-03 1.3851147958e-02 4.5227590464e+00 3.6860445355e+00
299 22.970 8.1102376163e-03 1.3819801336e-02 4.5103174387e+00 3.6764567038e+00
300 23.047 8.0803466367e-03 1.3797199395e-02 4.4940069832e+00 3.6631617009e+00
301 23.125 8.0505159735e-03 1.3749149831e-02 4.4838410845e+00 3.6468039937e+00
302 23.202 8.0162563074e-03 1.3656431688e-02 4.4658421356e+00 3.6321650630e+00
303 23.279 7.9807686230e-03 1.3646754386e-02 4.4517445974e+00 3.6212573927e+00
304 23.357 7.9626261265e-03 1.3626505409e-02 4.4433100496e+00 3.6064403432e+00
305 23.434 7.9188291819e-03 1.3557198761e-02 4.4294805170e+00 3.5952155167e+00
306 23.511 7.8774074498e-03 1.3500527327e-02 4.4080743417e+00 3.5784062062e+00
307 23.589 7.8713248855e-03 1.3482113136e-02 4.4013084196e+00 3.5650752585e+00
308 23.666 7.8339672668e-03 1.3443202188e-02 4.3915259895e+00 3.5571514559e+00
309 23.743 7.7836905668e-03 1.3404056064e-02 4.3708409045e+00 3.5403964644e+00
310 23.821 7.7773085369e-03 1.3337058231e-02 4.3577010032e+00 3.5226065261e+00
311 23.898 7.7513307907e-03 1.3307036084e-02 4.3519116502e+00 3.5179266243e+00
312 23.975 7.6956487295e-03 1.3282664418e-02 4.3353571531e+00 3.5045445727e+00
313 24.053 7.6801817468e-03 1.3244783640e-02 4.3215949534e+00 3.4857721794e+00
314 24.130 7.6660034594e-03 1.3161644975e-02 4.3107717241e+00 3.4776531097e+00
315 24.207 7.6225619863e-03 1.3144204035e-02 4.2982698501e+00 3.4675674026e+00
316 24.285 7.5942615955e-03 1.3132744268e-02 4.2861042586e+00 3.4502097737e+00
317 24.362 7.5770681333e-03 1.3076016944e-02 4.2722160468e+00 3.4390301007e+00
318 24.439 7.5446823149e-03 1.3021866382e-02 4.2595570313e+00 3.4294538263e+00
319 24.517 7.5113501740e-03 1.2999021895e-02 4.2489725177e+00 3.4143363377e+00
320 24.594 7.4892708587e-03 1.2971004677e-02 4.2390158265e+00 3.4054954148e+00
321 24.671 7.4646595249e-03 1.2932773199e-02 4.2192376125e+00 3.3902263554e+00
322 24.749 7.4254551326e-03 1.2879193867e-02 4.2101241531e+00 3.3783647042e+00
323 24.826 7.4140205090e-03 1.2844042566e-02 4.2040218965e+00 3.3706804572e+00
324 24.903 7.3803704295e-03 1.2819360094e-02 4.1879824431e+00 3.3578204214e+00
325 24.981 7.3434814351e-03 1.2793367334e-02 4.1712964132e+00 3.3412797583e+00
326 25.058 7.3357939563e-03 1.2725352477e-02 4.1673466520e+00 3.3346814775e+00
327 25.135 7.3078129228e-03 1.2688573862e-02 4.1552135765e+00 3.3249726758e+00
328 25.213 7.2674850332e-03 1.2687757838e-02 4.1399998219e+00 3.3075924398e+00
329 25.290 7.2537987670e-03 1.2644927613e-02 4.1289908726e+00 3.2975039455e+00
330 25.367 7.2361869220e-03 1.2593579796e-02 4.1206730295e+00 3.2908611310e+00
331 25.445 7.1930812223e-03 1.2560684098e-02 4.1069183346e+00 3.2766592149e+00
332 25.522 7.1689711717e-03 1.2545102196e-02 4.0974553814e+00 3.2652698413e+00
333 25.599 7.1621087170e-03 1.2508346380e-02 4.0843896293e+00 3.2555174856e+00
334 25.677 7.1293374696e-03 1.2469315201e-02 4.0719936400e+00 3.2444191747e+00
335 25.754 7.0972011809e-03 1.2423569581e-02 4.0662458058e+00 3.2340981348e+00
336 25.831 7.0836698784e-03 1.2399259766e-02 4.0512933794e+00 3.2222056874e+00
337 25.909 7.0616046890e-03 1.2386465447e-02 4.0363099588e+00 3.2109489696e+00
338 25.986 7.0245944774e-03 1.2334479281e-02 4.0332369601e+00 3.2016401285e+00
339 26.063 7.0114059271e-03 1.2278465967e-02 4.0220457642e+00 3.1927564001e+00
340 26.141 6.9905550152e-03 1.2283843292e-02 4.0042732841e+00 3.1768110844e+00
341 26.218 6.9539665528e-03 1.2255968599e-02 3.9984263811e+00 3.1679021153e+00
342 26.295 6.9446488783e-03 1.2207629067e-02 3.9909090152e+00 3.1619462024e+00
343 26.373 6.9163371470e-03 1.2158669247e-02 3.9745854579e+00 3.1490132566e+00
344 26.450 6.8891987406e-03 1.2156548898e-02 3.9660516036e+00 3.1355467983e+00
345 26.527 6.8748874422e-03 1.2122019969e-02 3.9579787273e+00 3.1298570764e+00
346 26.605 6.8570554220e-03 1.2098665143e-02 3.9453506491e+00 3.1198711511e+00
347 26.682 6.8212118454e-03 1.2038492190e-02 3.9379005070e+00 3.1073586720e+00
348 26.759 6.8012575990e-03 1.2022249905e-02 3.9244606344e+00 3.0967534004e+00
349 26.837 6.7929405309e-03 1.2014851456e-02 3.9142312816e+00 3.0893728851e+00
350 26.914 6.7611807116e-03 1.1977869186e-02 3.9079097298e+00 3.0778482199e+00
351 26.991 6.7309277310e-03 1.1922495210e-02 3.8980474803e+00 3.0700807665e+00
352 27.069 6.7257690534e-03 1.1912284787e-02 3.8813452698e+00 3.0576198211e+00
353 27.146 6.7041910644e-03 1.1900620837e-02 3.8759739595e+00 3.0469407184e+00
354 27.224 6.6684581464e-03 1.1855850860e-02 3.8696575809e+00 3.0419753519e+00
355 27.301 6.6551570562e-03 1.1824580214e-02 3.8551582007e+00 3.0305772485e+00
356 27.378 6.6424243188e-03 1.1800021056e-02 3.8439124745e+00 3.0165949396e+00
357 27.456 6.6079929519e-03 1.1775461983e-02 3.8394458945e+00 3.0125667661e+00
358 27.533 6.5980496896e-03 1.1759273751e-02 3.8284805963e+00 3.0039630004e+00
359 27.610 6.5775253906e-03 1.1717792141e-02 3.8182708241e+00 2.9896436478e+00
360 27.688 6.5529603641e-03 1.1681297068e-02 3.8073068453e+00 2.9817768515e+00
361 27.765 6.5374527837e-03 1.1674701528e-02 3.7998404903e+00 2.9759294099e+00
362 27.842 6.5206786820e-03 1.1655544528e-02 3.7906137827e+00 2.9639432963e+00
363 27.920 6.4932472669e-03 1.1602445082e-02 3.7824816165e+00 2.9561193583e+00
364 27.997 6.4724740973e-03 1.1567566122e-02 3.7693973472e+00 2.9466102781e+00
365 28.074 6.4652113978e-03 1.1572504431e-02 3.7610989191e+00 2.9373650261e+00
366 28.152 6.4367440019e-03 1.1543663935e-02 3.7563286396e+00 2.9302562141e+00
367 28.229 6.4070618513e-03 1.1517903323e-02 3.7439299129e+00 2.9205841514e+00
368 28.306 6.4062246700e-03 1.1471785762e-02 3.7303205615e+00 2.9093823556e+00
369 28.384 6.3866738241e-03 1.1463737787e-02 3.7281780975e+00 2.9029513663e+00
370 28.461 6.3518220792e-03 1.1447261078e-02 3.7191984303e+00 2.8959593353e+00
371 28.538 6.3429016391e-03 1.1422709101e-02 3.7065758319e+00 2.8831666740e+00
372 28.616 6.3325919045e-03 1.1368062230e-02 3.6981886507e+00 2.8743366007e+00
373 28.693 6.3022055478e-03 1.1357734968e-02 3.6925252785e+00 2.8699348679e+00
374 28.770 6.2906671787e-03 1.1356584105e-02 3.6807531278e+00 2.8598413553e+00
375 28.848 6.2749757347e-03 1.1323379560e-02 3.6745769272e+00 2.8500526855e+00
376 28.925 6.2532712283e-03 1.1289514364e-02 3.6638776123e+00 2.8424932909e+00
377 29.002 6.2364683174e-03 1.1267655030e-02 3.6542630773e+00 2.8350341850e+00
378 29.080 6.2220960758e-03 1.1255931071e-02 3.6500889623e+00 2.8259358163e+00
379 29.157 6.1998719146e-03 1.1231051538e-02 3.6399939345e+00 2.8181201436e+00
380 29.234 6.1785288063e-03 1.1204932467e-02 3.6271149213e+00 2.8088851838e+00
381 29.312 6.1731798792e-03 1.1170402537e-02 3.6236054750e+00 2.8003828874e+00
382 29.389 6.1484289659e-03 1.1155901954e-02 3.6167636689e+00 2.7950954253e+00
383 29.466 6.1204134260e-03 1.1150649048e-02 3.6029554972e+00 2.7844242394e+00
384 29.544 6.1200505240e-03 1.1114957909e-02 3.5951090488e+00 2.7734957759e+00
385 29.621 6.1037107764e-03 1.1074509931e-02 3.5914985059e+00 2.7706006135e+00
386 29.698 6.0692140111e-03 1.1073878574e-02 3.5809832772e+00 2.7624888187e+00
387 29.776 6.0626324020e-03 1.1058996488e-02 3.5734817328e+00 2.7510337596e+00
388 29.853 6.0550550574e-03 1.1028881588e-02 3.5643505745e+00 2.7447608431e+00
389 29.930 6.0290611423e-03 1.1000864269e-02 3.5570390913e+00 2.7391305684e+00
390 30.008 6.0159100812e-03 1.0986577517e-02 3.5501755232e+00 2.7283471652e+00
391 30.085 6.0028640311e-03 1.0964501838e-02 3.5425212829e+00 2.7223629776e+00
392 30.162 5.9850628807e-03 1.0956598960e-02 3.5310636051e+00 2.7143092909e+00
393 30.240 5.9667961031e-03 1.0919834373e-02 3.5248626056e+00 2.7060406334e+00
394 30.317 5.9559492145e-03 1.0890501206e-02 3.5203671142e+00 2.7005640160e+00
395 30.394 5.9365632644e-03 1.0890281675e-02 3.5092883992e+00 2.6920652492e+00
396 30.472 5.9138391166e-03 1.0875501016e-02 3.4987847747e+00 2.6823476335e+00
397 30.549 5.9115039907e-03 1.0838962113e-02 3.4961921065e+00 2.6773094999e+00
398 30.626 5.8913234901e-03 1.0810328685e-02 3.4882641297e+00 2.6712384240e+00
399 30.704 5.8662755434e-03 1.0812474875e-02 3.4783697746e+00 2.6602779595e+00
400 30.781 5.8628203238e-03 1.0789423496e-02 3.4701965961e+00 2.6525900607e+00
401 30.858 5.8505920784e-03 1.0774528932e-02 3.4651640193e+00 2.6489126681e+00
402 30.936 5.8211961130e-03 1.0737888667e-02 3.4559206899e+00 2.6403925356e+00
403 31.013 5.8106276331e-03 1.0724547727e-02 3.4508323741e+00 2.6326071779e+00
404 31.090 5.8058623583e-03 1.0718608844e-02 3.4401298389e+00 2.6252042523e+00
405 31.168 5.7848993537e-03 1.0703325372e-02 3.4320708140e+00 2.6190543140e+00
406 31.245 5.7698062413e-03 1.0661211162e-02 3.4293317351e+00 2.6116778468e+00
407 31.323 5.7574811879e-03 1.0643829399e-02 3.4210620596e+00 2.6053799060e+00
408 31.400 5.7442724101e-03 1.0648180044e-02 3.4084345210e+00 2.5962316021e+00
409 31.477 5.7241903359e-03 1.0625325799e-02 3.4057896460e+00 2.5892859819e+00
410 31.555 5.7176033136e-03 1.0604294314e-02 3.4005651274e+00 2.5853139889e+00
411 31.632 5.6991618990e-03 1.0571395954e-02 3.3892852431e+00 2.5767383430e+00
412 31.709 5.6777675863e-03 1.0569721177e-02 3.3831247654e+00 2.5668769889e+00
413 31.787 5.6761253211e-03 1.0557034089e-02 3.3780228187e+00 2.5637824334e+00
414 31.864 5.6610746089e-03 1.0542330041e-02 3.3697785066e+00 2.5575253346e+00
415 31.941 5.6371109435e-03 1.0501665026e-02 3.3640481589e+00 2.5480552988e+00
416 32.019 5.6303955410e-03 1.0489271632e-02 3.3556733974e+00 2.5417119427e+00
417 32.096 5.6228847265e-03 1.0493693245e-02 3.3481764416e+00 2.5368064446e+00
418 32.173 5.5994615549e-03 1.0472046668e-02 3.3429144518e+00 2.5284130940e+00
419 32.251 5.5865033259e-03 1.0445575124e-02 3.3375121812e+00 2.5236731855e+00
420 32.328 5.5802741157e-03 1.0423767470e-02 3.3263163919e+00 2.5152074446e+00
421 32.405 5.5648082812e-03 1.0422853091e-02 3.3197979058e+00 2.5085825880e+00
422 32.483 5.5474986557e-03 1.0404487664e-02 3.3172491535e+00 2.5041230590e+00
423 32.560 5.5383965103e-03 1.0391428510e-02 3.3090051695e+00 2.4978998453e+00
424 32.637 5.5264462516e-03 1.0355300389e-02 3.3005430603e+00 2.4874330489e+00
425 32.715 5.5066965826e-03 1.0347866240e-02 3.2948519012e+00 2.4830428235e+00
426 32.792 5.5024299927e-03 1.0348657104e-02 3.2895420929e+00 2.4790412836e+00
427 32.869 5.4851926052e-03 1.0329249451e-02 3.2815172801e+00 2.4708303232e+00
428 32.947 5.4702270269e-03 1.0298029105e-02 3.2761222198e+00 2.4640285411e+00
429 33.024 5.4619846983e-03 1.0284638455e-02 3.2681248315e+00 2.4587875608e+00
430 33.101 5.4525047563e-03 1.0285424622e-02 3.2604759598e+00 2.4527651050e+00
431 33.179 5.4301151340e-03 1.0261899112e-02 3.2578936517e+00 2.4462439220e+00
432 33.256 5.4184003246e-03 1.0251305086e-02 3.2498580526e+00 2.4402102581e+00
433 33.333 5.4160864294e-03 1.0223220641e-02 3.2394626623e+00 2.4331730984e+00
434 33.411 5.3995122884e-03 1.0218039767e-02 3.2375127069e+00 2.4269193569e+00
435 33.488 5.3845950571e-03 1.0213148673e-02 3.2323423665e+00 2.4230435422e+00
436 33.565 5.3779613970e-03 1.0196734229e-02 3.2218195181e+00 2.4151553556e+00
437 33.643 5.3672636331e-03 1.0161226723e-02 3.2165957692e+00 2.4064911416e+00
438 33.720 5.3526118101e-03 1.0153848523e-02 3.2128257936e+00 2.4044521065e+00
439 33.797 5.3459571476e-03 1.0157102696e-02 3.2051219901e+00 2.3986866440e+00
440 33.875 5.3312931063e-03 1.0136760616e-02 3.2001751025e+00 2.3902850185e+00
441 33.952 5.3159681770e-03 1.0121414412e-02 3.1925043007e+00 2.3845555187e+00
442 34.029 5.3145205710e-03 1.0098992228e-02 3.1862526424e+00 2.3806640994e+00
443 34.107 5.2973191311e-03 1.0096783161e-02 3.1815626387e+00 2.3731584627e+00
444 34.184 5.2823745546e-03 1.0086646907e-02 3.1766893192e+00 2.3688787848e+00
445 34.261 5.2807680811e-03 1.0073868539e-02 3.1666823555e+00 2.3614165240e+00
446 34.339 5.2689128662e-03 1.0038304364e-02 3.1609528082e+00 2.3558048754e+00
447 34.416 5.2550776233e-03 1.0030828289e-02 3.1588333602e+00 2.3517473238e+00
448 34.493 5.2477258473e-03 1.0037241492e-02 3.1515852976e+00 2.3463511507e+00
449 34.571 5.2380462757e-03 1.0020915819e-02 3.1441143831e+00 2.3372386059e+00
450 34.648 5.2234013935e-03 1.0001013782e-02 3.1387865048e+00 2.3330534030e+00
451 34.725 5.2210552134e-03 9.9821068153e-03 3.1342982759e+00 2.3297173119e+00
452 34.803 5.2043943877e-03 9.9835267859e-03 3.1270634467e+00 2.3226917145e+00
453 34.880 5.1880729183e-03 9.9685634478e-03 3.1226328297e+00 2.3165422003e+00
454 34.957 5.1907641044e-03 9.9600039141e-03 3.1149452762e+00 2.3116150052e+00
455 35.035 5.1785236361e-03 9.9294436489e-03 3.1082429574e+00 2.3066411840e+00
456 35.112 5.1613772853e-03 9.9216190256e-03 3.1062408861e+00 2.3006984539e+00
457 35.189 5.1582528130e-03 9.9241190005e-03 3.0996036605e+00 2.2957824621e+00
458 35.267 5.1500892643e-03 9.9124944788e-03 3.0898001242e+00 2.2891562147e+00
459 35.344 5.1318956242e-03 9.8881652332e-03 3.0877089304e+00 2.2833366495e+00
460 35.421 5.1283527357e-03 9.8713847831e-03 3.0837108022e+00 2.2803800649e+00
461 35.499 5.1167879190e-03 9.8769166518e-03 3.0749462454e+00 2.2738987436e+00
462 35.576 5.0990996761e-03 9.8607649507e-03 3.0702128447e+00 2.2660263245e+00
463 35.654 5.1001169853e-03 9.8520413683e-03 3.0656851049e+00 2.2634655741e+00
464 35.731 5.0872196873e-03 9.8269016264e-03 3.0596072791e+00 2.2589781759e+00
465 35.808 5.0693041205e-03 9.8196505955e-03 3.0550498772e+00 2.2512856393e+00
466 35.886 5.0695667492e-03 9.8154785097e-03 3.0490882894e+00 2.2468925074e+00
467 35.963 5.0618371301e-03 9.8073421082e-03 3.0422666151e+00 2.2426414162e+00
468 36.040 5.0429215229e-03 9.7799948590e-03 3.0378296356e+00 2.2366562688e+00
469 36.118 5.0388997065e-03 9.7634208718e-03 3.0344489485e+00 2.2326035482e+00
470 36.195 5.0317615820e-03 9.7719984451e-03 3.0264865642e+00 2.2267452037e+00
471 36.272 5.0142932159e-03 9.7615437353e-03 3.0194118954e+00 2.2207371668e+00
472 36.350 5.0133875383e-03 9.7487479372e-03 3.0176175407e+00 2.2167600978e+00
473 36.427 5.0005921552e-03 9.7298843314e-03 3.0122795423e+00 2.2128387719e+00
474 36.504 4.9870009926e-03 9.7214513240e-03 3.0053425535e+00 2.2056091964e+00
475 36.582 4.9853533895e-03 9.7127313088e-03 3.0001626207e+00 2.1997407715e+00
476 36.659 4.9776479807e-03 9.7105144375e-03 2.9960157946e+00 2.1974756622e+00
477 36.736 4.9581840612e-03 9.6879311007e-03 2.9892398201e+00 2.1921734515e+00
478 36.814 4.9541488426e-03 9.6671977022e-03 2.9864862096e+00 2.1863306849e+00
479 36.891 4.9507497524e-03 9.6725966454e-03 2.9793429831e+00 2.1811013102e+00
480 36.968 4.9337877119e-03 9.6682921366e-03 2.9729198145e+00 2.1771673833e+00
481 37.046 4.9308627166e-03 9.6495107459e-03 2.9704717185e+00 2.1707881717e+00
482 37.123 4.9204796342e-03 9.6372507420e-03 2.9659075201e+00 2.1674527056e+00
483 37.200 4.9086925038e-03 9.6254146989e-03 2.9570127459e+00 2.1609525021e+00
484 37.278 4.9049127121e-03 9.6177117275e-03 2.9523857901e+00 2.1553690800e+00
485 37.355 4.8975739942e-03 9.6145725107e-03 2.9503575476e+00 2.1522673477e+00
486 37.432 4.8811176379e-03 9.5989708712e-03 2.9440220733e+00 2.1476456589e+00
487 37.510 4.8764739169e-03 9.5717016689e-03 2.9390914127e+00 2.1399178805e+00
488 37.587 4.8741204349e-03 9.5712698093e-03 2.9329510550e+00 2.1357170715e+00
489 37.664 4.8578838703e-03 9.5736010882e-03 2.9289427478e+00 2.1328744740e+00
490 37.742 4.8527828280e-03 9.5565468180e-03 2.9239824829e+00 2.1269719462e+00
491 37.819 4.8456238749e-03 9.5464036376e-03 2.9202928203e+00 2.1221022135e+00
492 37.896 4.8344993352e-03 9.5301622468e-03 2.9124322393e+00 2.1165135021e+00
493 37.974 4.8283924415e-03 9.5294606644e-03 2.9066599295e+00 2.1124466792e+00
494 38.051 4.8216522979e-03 9.5225132618e-03 2.9054389196e+00 2.1076132416e+00
495 38.128 4.8084478224e-03 9.5143044343e-03 2.9000708546e+00 2.1037192328e+00
496 38.206 4.8013555146e-03 9.4880702141e-03 2.8929199914e+00 2.0968491446e+00
497 38.283 4.7995350453e-03 9.4776199067e-03 2.8885579376e+00 2.0917127953e+00
498 38.360 4.7851097857e-03 9.4855251721e-03 2.8856531898e+00 2.0896093588e+00
499 38.438 4.7784682524e-03 9.4744655172e-03 2.8786667948e+00 2.0845502490e+00
500 38.515 4.7741054318e-03 9.4610570503e-03 2.8758539172e+00 2.0781607876e+00
501 38.592 4.7639722283e-03 9.4447308782e-03 2.8691191366e+00 2.0740263267e+00
502 38.670 4.7554937879e-03 9.4456561379e-03 2.8645478393e+00 2.0707218313e+00
503 38.747 4.7496751744e-03 9.4351428331e-03 2.8616604909e+00 2.0645459961e+00
504 38.824 4.7393072058e-03 9.4345829533e-03 2.8573533058e+00 2.0612210811e+00
505 38.902 4.7297118788e-03 9.4157081053e-03 2.8490953343e+00 2.0554246335e+00
506 38.979 4.7287485271e-03 9.3995105240e-03 2.8453795684e+00 2.0510301067e+00
507 39.056 4.7156599987e-03 9.4033345385e-03 2.8434832233e+00 2.0476874789e+00
508 39.134 4.7065546402e-03 9.4002442481e-03 2.8376558746e+00 2.0434910099e+00
509 39.211 4.7051657830e-03 9.3819505359e-03 2.8326555514e+00 2.0364951230e+00
510 39.288 4.6970233924e-03 9.3722233031e-03 2.8276398782e+00 2.0327911555e+00
511 39.366 4.6860791350e-03 9.3657290657e-03 2.8241465200e+00 2.0302797793e+00
512 39.443 4.6814360156e-03 9.3617411676e-03 2.8190438057e+00 2.0250147790e+00
513 39.520 4.6735002379e-03 9.3591275122e-03 2.8158481041e+00 2.0201282824e+00
514 39.598 4.6613150603e-03 9.3486219035e-03 2.8088438244e+00 2.0155311271e+00
515 39.675 4.6614631328e-03 9.3248031901e-03 2.8034999945e+00 2.0119966039e+00
516 39.753 4.6499387869e-03 9.3247208681e-03 2.8024003911e+00 2.0070650221e+00
517 39.830 4.6382731763e-03 9.3297886790e-03 2.7977725592e+00 2.0037505922e+00
518 39.907 4.6386876295e-03 9.3171528536e-03 2.7906430869e+00 1.9977494778e+00
519 39.985 4.6320376678e-03 9.3069455461e-03 2.7869158357e+00 1.9930269271e+00
520 40.062 4.6191728482e-03 9.2921418521e-03 2.7846361599e+00 1.9909638393e+00
521 40.139 4.6166117561e-03 9.2955980946e-03 2.7786219439e+00 1.9866637851e+00
522 40.217 4.6114664295e-03 9.2857789915e-03 2.7755045298e+00 1.9803570046e+00
523 40.294 4.5973182374e-03 9.2838667960e-03 2.7697641695e+00 1.9767665262e+00
524 40.371 4.5979559372e-03 9.2695227915e-03 2.7657071303e+00 1.9740921801e+00
525 40.449 4.5881043661e-03 9.2653567837e-03 2.7623804243e+00 1.9688219268e+00
526 40.526 4.5765509235e-03 9.2614506727e-03 2.7589642117e+00 1.9652495349e+00
527 40.603 4.5756024398e-03 9.2576892179e-03 2.7519294854e+00 1.9602385991e+00
528 40.681 4.5705599235e-03 9.2442788124e-03 2.7471351185e+00 1.9564160234e+00
529 40.758 4.5549087988e-03 9.2347211966e-03 2.7460159033e+00 1.9527583876e+00
530 40.835 4.5538805521e-03 9.2318196999e-03 2.7412953573e+00 1.9494014931e+00
531 40.913 4.5501996616e-03 9.2240266560e-03 2.7360075798e+00 1.9435094285e+00
532 40.990 4.5387778118e-03 9.2241334446e-03 2.7316353576e+00 1.9388892985e+00
533 41.067 4.5369646322e-03 9.2146248464e-03 2.7286222444e+00 1.9371622124e+00
534 41.145 4.5297070039e-03 9.2117810980e-03 2.7232555460e+00 1.9329146037e+00
535 41.222 4.5197342852e-03 9.1945959614e-03 2.7210845411e+00 1.9278859525e+00
536 41.299 4.5189400983e-03 9.1998422806e-03 2.7154209296e+00 1.9238732889e+00
537 41.377 4.5170228022e-03 9.1914007823e-03 2.7100612371e+00 1.9207943043e+00
538 41.454 4.5075656560e-03 9.1831140122e-03 2.7082837748e+00 1.9156800547e+00
539 41.531 4.5103468046e-03 9.1742117262e-03 2.7048845057e+00 1.9132448335e+00
540 41.609 4.5024348777e-03 9.1708738108e-03 2.6980410911e+00 1.9084042839e+00
541 41.686 4.4944123753e-03 9.1674531711e-03 2.6945287466e+00 1.9037216570e+00
542 41.763 4.4986649865e-03 9.1656511665e-03 2.6922352571e+00 1.9011628924e+00
543 41.841 4.4952479695e-03 9.1570846379e-03 2.6876454026e+00 1.8979216969e+00
544 41.918 4.4824111046e-03 9.1381304214e-03 2.6839733368e+00 1.8922835585e+00
545 41.995 4.4789058341e-03 9.1443043439e-03 2.6797557437e+00 1.8885302708e+00
546 42.073 4.4799468668e-03 9.1468829726e-03 2.6752396542e+00 1.8860632370e+00
547 42.150 4.4666008865e-03 9.1374513396e-03 2.6713381178e+00 1.8819647697e+00
548 42.227 4.4546735271e-03 9.1239011792e-03 2.6692658636e+00 1.8780698447e+00
549 42.305 4.4527996961e-03 9.1187530002e-03 2.6638624037e+00 1.8742680221e+00
550 42.382 4.4452703774e-03 9.1236935911e-03 2.6583249419e+00 1.8700724518e+00
551 42.459 4.4325552963e-03 9.1127540052e-03 2.6561885609e+00 1.8660209647e+00
552 42.537 4.4292420012e-03 9.1083810932e-03 2.6529818271e+00 1.8637681756e+00
553 42.614 4.4228290572e-03 9.0988894729e-03 2.6471408987e+00 1.8592098868e+00
554 42.691 4.4103675514e-03 9.1001671957e-03 2.6443349896e+00 1.8540912385e+00
555 42.769 4.4095241702e-03 9.1002978693e-03 2.6397278299e+00 1.8518621158e+00
556 42.846 4.4009148686e-03 9.0938916612e-03 2.6354310501e+00 1.8488477734e+00
557 42.923 4.3916083070e-03 9.0788401494e-03 2.6330359128e+00 1.8436005626e+00
558 43.001 4.3884710184e-03 9.0811989020e-03 2.6291371231e+00 1.8408707059e+00
559 43.078 4.3847170000e-03 9.0891654262e-03 2.6223685968e+00 1.8371165892e+00
560 43.155 4.3698933157e-03 9.0769538138e-03 2.6196652486e+00 1.8333204507e+00
561 43.233 4.3665571643e-03 9.0676112283e-03 2.6178293141e+00 1.8304100083e+00
562 43.310 4.3631708792e-03 9.0657956632e-03 2.6128240052e+00 1.8269102509e+00
563 43.387 4.3531812888e-03 9.0679408892e-03 2.6085564778e+00 1.8215605516e+00
564 43.465 4.3477929882e-03 9.0605874925e-03 2.6043258666e+00 1.8184507916e+00
565 43.542 4.3415918125e-03 9.0553873035e-03 2.6014712422e+00 1.8164575717e+00
566 43.619 4.3335920818e-03 9.0474859807e-03 2.5969357884e+00 1.8122817967e+00
567 43.697 4.3263938713e-03 9.0464388148e-03 2.5944900474e+00 1.8081127239e+00
568 43.774 4.3248066252e-03 9.0512016693e-03 2.5889329552e+00 1.8046192768e+00
569 43.852 4.3134383526e-03 9.0429437531e-03 2.5842399240e+00 1.8019428516e+00
570 43.929 4.3071605101e-03 9.0289248421e-03 2.5829634213e+00 1.7976202354e+00
571 44.006 4.3054160687e-03 9.0279250437e-03 2.5795287557e+00 1.7952298708e+00
572 44.084 4.2986995734e-03 9.0339490685e-03 2.5732289056e+00 1.7907030545e+00
573 44.161 4.2896929681e-03 9.0205362284e-03 2.5696638785e+00 1.7869082927e+00
574 44.238 4.2857442706e-03 9.0034038598e-03 2.5675719002e+00 1.7844625778e+00
575 44.316 4.2781546284e-03 9.0003262984e-03 2.5629646380e+00 1.7812605304e+00
576 44.393 4.2673163270e-03 9.0011612070e-03 2.5584846250e+00 1.7759914091e+00
577 44.470 4.2679241374e-03 8.9857036334e-03 2.5541733778e+00 1.7709996026e+00
578 44.548 4.2591056484e-03 8.9796848847e-03 2.5505365797e+00 1.7675069115e+00
579 44.625 4.2491726051e-03 8.9700944519e-03 2.5452854824e+00 1.7637175951e+00
580 44.702 4.2473373484e-03 8.9682240379e-03 2.5431099060e+00 1.7578962616e+00
581 44.780 4.2431544052e-03 8.9644724794e-03 2.5379952252e+00 1.7528669642e+00
582 44.857 4.2314099061e-03 8.9558882469e-03 2.5326217580e+00 1.7500287492e+00
583 44.934 4.2309483986e-03 8.9397307711e-03 2.5300594633e+00 1.7456806721e+00
584 45.012 4.2246333192e-03 8.9376029970e-03 2.5270496075e+00 1.7402831439e+00
585 45.089 4.2157286064e-03 8.9431203007e-03 2.5211333012e+00 1.7362088082e+00
586 45.166 4.2151024206e-03 8.9321115532e-03 2.5174005315e+00 1.7323286163e+00
587 45.244 4.2089481406e-03 8.9196284484e-03 2.5142937644e+00 1.7272686855e+00
588 45.321 4.1971285436e-03 8.9136947741e-03 2.5103233985e+00 1.7237963505e+00
589 45.398 4.1931529584e-03 8.9143550578e-03 2.5059966141e+00 1.7191058727e+00
590 45.476 4.1916216139e-03 8.9031023734e-03 2.5024868222e+00 1.7133180177e+00
591 45.553 4.1809986927e-03 8.8973165048e-03 2.4970274447e+00 1.7097531016e+00
592 45.630 4.1779494458e-03 8.8845917357e-03 2.4923861525e+00 1.7064521994e+00
593 45.708 4.1714189954e-03 8.8829672863e-03 2.4908831852e+00 1.7012322710e+00
594 45.785 4.1654883034e-03 8.8792251095e-03 2.4865672907e+00 1.6968544263e+00
595 45.862 4.1602250673e-03 8.8710581986e-03 2.4808254452e+00 1.6924240951e+00
596 45.940 4.1580579510e-03 8.8542138544e-03 2.4772054997e+00 1.6886143084e+00
597 46.017 4.1472642122e-03 8.8503545316e-03 2.4749022240e+00 1.6840699676e+00
598 46.094 4.1427367649e-03 8.8532053208e-03 2.4698242965e+00 1.6806146452e+00
599 46.172 4.1421836713e-03 8.8428851169e-03 2.4670834909e+00 1.6752922471e+00
600 46.249 4.1357561651e-03 8.8251715944e-03 2.4625198156e+00 1.6704834370e+00
601 46.326 4.1282398356e-03 8.8197953016e-03 2.4581632340e+00 1.6679010164e+00
602 46.404 4.1245970443e-03 8.8192435192e-03 2.4549647304e+00 1.6639239045e+00
603 46.481 4.1185937454e-03 8.8027977838e-03 2.4523218979e+00 1.6583421378e+00
604 46.558 4.1086680807e-03 8.7943128776e-03 2.4470060760e+00 1.6547474011e+00
605 46.636 4.1095673397e-03 8.7816902256e-03 2.4426952709e+00 1.6511206852e+00
606 46.713 4.1018812233e-03 8.7790435296e-03 2.4399519903e+00 1.6467267450e+00
607 46.790 4.0930019020e-03 8.7729044601e-03 2.4366298439e+00 1.6430421132e+00
608 46.868 4.0915370027e-03 8.7643540733e-03 2.4319106951e+00 1.6390231038e+00
609 46.945 4.0884602955e-03 8.7457589451e-03 2.4291297729e+00 1.6339865460e+00
610 47.022 4.0772269936e-03 8.7415115315e-03 2.4242227777e+00 1.6300329996e+00
611 47.100 4.0778350894e-03 8.7465291288e-03 2.4202492705e+00 1.6273612370e+00
612 47.177 4.0721800635e-03 8.7364570652e-03 2.4183002814e+00 1.6229391531e+00
613 47.254 4.0651796799e-03 8.7247405718e-03 2.4148614387e+00 1.6182912454e+00
614 47.332 4.0636818162e-03 8.7183328969e-03 2.4088300628e+00 1.6144854784e+00
615 47.409 4.0604448496e-03 8.7221002691e-03 2.4059042783e+00 1.6114015048e+00
616 47.486 4.0496629920e-03 8.7081651774e-03 2.4039615321e+00 1.6065444165e+00
617 47.564 4.0462666303e-03 8.7026152389e-03 2.3998011586e+00 1.6036495610e+00
618 47.641 4.0446570363e-03 8.6856916350e-03 2.3962881141e+00 1.5991910456e+00
619 47.718 4.0366265970e-03 8.6844898475e-03 2.3927088473e+00 1.5948433818e+00
620 47.796 4.0324072974e-03 8.6810927116e-03 2.3885159699e+00 1.5915958885e+00
621 47.873 4.0281812345e-03 8.6744466802e-03 2.3844926539e+00 1.5884501560e+00
622 47.950 4.0222978131e-03 8.6551971838e-03 2.3828409146e+00 1.5836519351e+00
623 48.028 4.0154022783e-03 8.6484313366e-03 2.3786938856e+00 1.5797424356e+00
624 48.105 4.0157043503e-03 8.6555039112e-03 2.3737430701e+00 1.5763728071e+00
625 48.183 4.0078695608e-03 8.6478881406e-03 2.3709157795e+00 1.5728774108e+00
626 48.260 4.0020885817e-03 8.6393054486e-03 2.3686878495e+00 1.5686626168e+00
627 48.337 4.0002110927e-03 8.6263813522e-03 2.3639933736e+00 1.5655537019e+00
628 48.415 3.9969749965e-03 8.6315601729e-03 2.3616268251e+00 1.5608570865e+00
629 48.492 3.9885218834e-03 8.6239969376e-03 2.3575156861e+00 1.5570278609e+00
630 48.569 3.9889532834e-03 8.6250387582e-03 2.3539540102e+00 1.5545217922e+00
631 48.647 3.9820707302e-03 8.6079857722e-03 2.3510036725e+00 1.5510231770e+00
632 48.724 3.9743441080e-03 8.6021585100e-03 2.3486968948e+00 1.5459625265e+00
633 48.801 3.9737156685e-03 8.6012405914e-03 2.3440072046e+00 1.5427829952e+00
634 48.879 3.9697811253e-03 8.5981116941e-03 2.3401569479e+00 1.5397728079e+00
635 48.956 3.9587739389e-03 8.5821559224e-03 2.3376127005e+00 1.5359803999e+00
636 49.033 3.9583893412e-03 8.5741544388e-03 2.3348091500e+00 1.5324208399e+00
637 49.111 3.9557879445e-03 8.5760757713e-03 2.3303941535e+00 1.5290344124e+00
638 49.188 3.9485442299e-03 8.5724146277e-03 2.3281957244e+00 1.5246414320e+00
639 49.265 3.9460675538e-03 8.5665519777e-03 2.3236515818e+00 1.5207271271e+00
640 49.343 3.9425763996e-03 8.5581555124e-03 2.3202260913e+00 1.5185787975e+00
641 49.420 3.9360019004e-03 8.5521984450e-03 2.3182187126e+00 1.5149063987e+00
642 49.497 3.9305908857e-03 8.5481083171e-03 2.3155353369e+00 1.5104539015e+00
643 49.575 3.9316126735e-03 8.5522891445e-03 2.3105316890e+00 1.5071899567e+00
644 49.652 3.9249157369e-03 8.5436063325e-03 2.3077440314e+00 1.5044321879e+00
645 49.729 3.9206500010e-03 8.5336320193e-03 2.3054429814e+00 1.5004876527e+00
646 49.807 3.9176742993e-03 8.5342673600e-03 2.3022923853e+00 1.4976162419e+00
647 49.884 3.9143795565e-03 8.5357599805e-03 2.2988666202e+00 1.4940252812e+00
648 49.961 3.9060373236e-03 8.5234062967e-03 2.2962330687e+00 1.4898969783e+00
649 50.039 3.9065354622e-03 8.5195786045e-03 2.2916874134e+00 1.4865591224e+00
650 50.116 3.8995179792e-03 8.5081336192e-03 2.2880123393e+00 1.4841751956e+00
651 50.193 3.8922880913e-03 8.5094880533e-03 2.2868051624e+00 1.4803481581e+00
652 50.271 3.8919164573e-03 8.5057319203e-03 2.2837588565e+00 1.4764853893e+00
653 50.348 3.8894393970e-03 8.5028916414e-03 2.2789205243e+00 1.4730819674e+00
654 50.425 3.8794317540e-03 8.4863108765e-03 2.2765138951e+00 1.4703466183e+00
655 50.503 3.8803253115e-03 8.4842987596e-03 2.2740181770e+00 1.4662953935e+00
656 50.580 3.8760244771e-03 8.4900903976e-03 2.2705747685e+00 1.4638795959e+00
657 50.657 3.8706154886e-03 8.4873258198e-03 2.2679824586e+00 1.4602452398e+00
658 50.735 3.8683277922e-03 8.4795131381e-03 2.2651721896e+00 1.4562056131e+00
659 50.812 3.8666042434e-03 8.4726990392e-03 2.2606201393e+00 1.4534077169e+00
660 50.889 3.8585626221e-03 8.4755498838e-03 2.2574445885e+00 1.4509487710e+00
661 50.967 3.8563494183e-03 8.4729587251e-03 2.2564285603e+00 1.4470952592e+00
662 51.044 3.8558622814e-03 8.4746787856e-03 2.2532300412e+00 1.4438465218e+00
663 51.121 3.8503204022e-03 8.4647820995e-03 2.2492794018e+00 1.4403762506e+00
664 51.199 3.8449463080e-03 8.4551801575e-03 2.2466466105e+00 1.4376355014e+00
665 51.276 3.8431084486e-03 8.4530616067e-03 2.2439430448e+00 1.4339077403e+00
666 51.353 3.8376758434e-03 8.4569446240e-03 2.2403129217e+00 1.4315880461e+00
667 51.431 3.8298152490e-03 8.4475536415e-03 2.2384319575e+00 1.4279263894e+00
668 51.508 3.8316201893e-03 8.4417665239e-03 2.2354582685e+00 1.4238542806e+00
669 51.585 3.8270979382e-03 8.4356904376e-03 2.2306275422e+00 1.4214541232e+00
670 51.663 3.8195697145e-03 8.4399736224e-03 2.2280615434e+00 1.4189374425e+00
671 51.740 3.8187005751e-03 8.4337217896e-03 2.2268519613e+00 1.4150971165e+00
672 51.817 3.8166462950e-03 8.4344537246e-03 2.2235509907e+00 1.4122526416e+00
673 51.895 3.8094808479e-03 8.4220008354e-03 2.2203291675e+00 1.4088397733e+00
674 51.972 3.8094221399e-03 8.4239024806e-03 2.2176867533e+00 1.4059675247e+00
675 52.049 3.8059549308e-03 8.4267182746e-03 2.2146474270e+00 1.4027167008e+00
676 52.127 3.8002200169e-03 8.4280544162e-03 2.2110329879e+00 1.4004273820e+00
677 52.204 3.7967670508e-03 8.4182413713e-03 2.2098896205e+00 1.3968391361e+00
678 52.282 3.7977745733e-03 8.4161725701e-03 2.2069266929e+00 1.3931941382e+00
679 52.359 3.7917546736e-03 8.4204758818e-03 2.2024920068e+00 1.3908030598e+00
680 52.436 3.7884347699e-03 8.4190298156e-03 2.2001000174e+00 1.3882664576e+00
681 52.514 3.7851153661e-03 8.4145607357e-03 2.1986451078e+00 1.3844732799e+00
682 52.591 3.7815761603e-03 8.4098535309e-03 2.1952978044e+00 1.3820356826e+00
683 52.668 3.7747926671e-03 8.4007395941e-03 2.1927071682e+00 1.3786783606e+00
684 52.746 3.7759614217e-03 8.4001489939e-03 2.1900384400e+00 1.3755800554e+00
685 52.823 3.7702985833e-03 8.4042509117e-03 2.1864509415e+00 1.3726741151e+00
686 52.900 3.7673425626e-03 8.4005025107e-03 2.1831193660e+00 1.3704115201e+00
687 52.978 3.7657390636e-03 8.3923881933e-03 2.1821641926e+00 1.3669149797e+00
688 53.055 3.7642791060e-03 8.3855128410e-03 2.1792308388e+00 1.3636147096e+00
689 53.132 3.7670576640e-03 8.3945144035e-03 2.1753122256e+00 1.3608563172e+00
690 53.210 3.7657186064e-03 8.3917809230e-03 2.1730575565e+00 1.3584469534e+00
691 53.287 3.7620166031e-03 8.3923006201e-03 2.1709672367e+00 1.3548198995e+00
692 53.364 3.7688993110e-03 8.3865463288e-03 2.1677811666e+00 1.3527309711e+00
693 53.442 3.7695111222e-03 8.3854317828e-03 2.1657953290e+00 1.3495309933e+00
694 53.519 3.7634448876e-03 8.3848186807e-03 2.1632809710e+00 1.3462056774e+00
695 53.596 3.7639756996e-03 8.3928152163e-03 2.1592130883e+00 1.3436911597e+00
696 53.674 3.7690078032e-03 8.3882584436e-03 2.1565439880e+00 1.3415587889e+00
697 53.751 3.7610251051e-03 8.3822462153e-03 2.1556013013e+00 1.3381898811e+00
698 53.828 3.7535497708e-03 8.3779074035e-03 2.1527599320e+00 1.3352554023e+00
699 53.906 3.7484580380e-03 8.3837272688e-03 2.1493907854e+00 1.3323254596e+00
700 53.983 3.7480966582e-03 8.3772028173e-03 2.1472436928e+00 1.3298518053e+00
701 54.060 3.7424222294e-03 8.3792888759e-03 2.1443978580e+00 1.3264301569e+00
702 54.138 3.7384994384e-03 8.3700155293e-03 2.1413536675e+00 1.3245471546e+00
703 54.215 3.7350506925e-03 8.3715722727e-03 2.1397572127e+00 1.3215107371e+00
704 54.292 3.7338936082e-03 8.3721133693e-03 2.1373996081e+00 1.3177893712e+00
705 54.370 3.7263909883e-03 8.3766001704e-03 2.1331815692e+00 1.3154735573e+00
706 54.447 3.7240061984e-03 8.3688134181e-03 2.1310514674e+00 1.3134771380e+00
707 54.524 3.7216241088e-03 8.3675923039e-03 2.1294457861e+00 1.3103416521e+00
708 54.602 3.7188904967e-03 8.3683518037e-03 2.1268879833e+00 1.3076849444e+00
709 54.679 3.7123884004e-03 8.3742516968e-03 2.1240017568e+00 1.3049788374e+00
710 54.756 3.7128055687e-03 8.3714192705e-03 2.1221299686e+00 1.3021109264e+00
711 54.834 3.7094433504e-03 8.3748677761e-03 2.1185496524e+00 1.2990077626e+00
712 54.911 3.7049242990e-03 8.3661039878e-03 2.1158022316e+00 1.2973231569e+00
713 54.988 3.7034380916e-03 8.3722465704e-03 2.1147006132e+00 1.2945186926e+00
714 55.066 3.7021474327e-03 8.3774290362e-03 2.1126322921e+00 1.2911159051e+00
715 55.143 3.6941321299e-03 8.3790525790e-03 2.1086647231e+00 1.2886911617e+00
716 55.220 3.6917733757e-03 8.3695711370e-03 2.1069613396e+00 1.2865634066e+00
717 55.298 3.6894127234e-03 8.3688943785e-03 2.1044450534e+00 1.2836283384e+00
718 55.375 3.6850447673e-03 8.3696734661e-03 2.1021108943e+00 1.2811891252e+00
719 55.452 3.6796333864e-03 8.3730057985e-03 2.0995506624e+00 1.2786868902e+00
720 55.530 3.6786255032e-03 8.3711942780e-03 2.0979153869e+00 1.2753225323e+00
721 55.607 3.6730096665e-03 8.3723125578e-03 2.0945129017e+00 1.2723839472e+00
722 55.684 3.6672329997e-03 8.3618760645e-03 2.0914552363e+00 1.2708771819e+00
723 55.762 3.6672531861e-03 8.3669470008e-03 2.0899491879e+00 1.2683034786e+00
724 55.839 3.6644476228e-03 8.3727613216e-03 2.0881608523e+00 1.2650555625e+00
725 55.916 3.6565536439e-03 8.3757138429e-03 2.0846201159e+00 1.2629105034e+00
726 55.994 3.6571526544e-03 8.3703155791e-03 2.0831839485e+00 1.2602412614e+00
727 56.071 3.6537518939e-03 8.3711851680e-03 2.0803403530e+00 1.2576021828e+00
728 56.148 3.6491016395e-03 8.3732847237e-03 2.0777853780e+00 1.2553589177e+00
729 56.226 3.6472546600e-03 8.3781224521e-03 2.0755285269e+00 1.2531415993e+00
730 56.303 3.6461038976e-03 8.3712341996e-03 2.0742800113e+00 1.2498849413e+00
731 56.381 3.6393405914e-03 8.3653088416e-03 2.0712984688e+00 1.2473309687e+00
732 56.458 3.6381130805e-03 8.3563914543e-03 2.0684163353e+00 1.2453779600e+00
733 56.535 3.6371087241e-03 8.3626581639e-03 2.0662172359e+00 1.2430946530e+00
734 56.613 3.6328830346e-03 8.3544471297e-03 2.0641199716e+00 1.2395774026e+00
735 56.690 3.6270659464e-03 8.3523442726e-03 2.0604126761e+00 1.2352987624e+00
736 56.767 3.6263933962e-03 8.3422169113e-03 2.0580721893e+00 1.2319512986e+00
737 56.845 3.6204793622e-03 8.3331439569e-03 2.0550269174e+00 1.2294336721e+00
738 56.922 3.6149713656e-03 8.3284694472e-03 2.0516255606e+00 1.2259363576e+00
739 56.999 3.6144925142e-03 8.3320309423e-03 2.0480671516e+00 1.2214701677e+00
740 57.077 3.6122592185e-03 8.3241659774e-03 2.0466918803e+00 1.2182860476e+00
741 57.154 3.6039791152e-03 8.3184245497e-03 2.0436873548e+00 1.2151950634e+00
742 57.231 3.6048839185e-03 8.3087683005e-03 2.0395120844e+00 1.2117051236e+00
743 57.309 3.6010585222e-03 8.3113479100e-03 2.0372125427e+00 1.2077842432e+00
744 57.386 3.5973242147e-03 8.3057597782e-03 2.0350618253e+00 1.2046700992e+00
745 57.463 3.5941749552e-03 8.3070063740e-03 2.0320633986e+00 1.2007773189e+00
746 57.541 3.5939766685e-03 8.2997053889e-03 2.0292186453e+00 1.1972951542e+00
747 57.618 3.5878386847e-03 8.2907180887e-03 2.0268996249e+00 1.1940493902e+00
748 57.695 3.5857953162e-03 8.2889878941e-03 2.0231726517e+00 1.1909491802e+00
749 57.773 3.5840911094e-03 8.2952810081e-03 2.0201629241e+00 1.1869122599e+00
750 57.850 3.5824860763e-03 8.2903703508e-03 2.0186420313e+00 1.1835400253e+00
751 57.927 3.5763351497e-03 8.2882926884e-03 2.0162993092e+00 1.1802902970e+00
752 58.005 3.5782256512e-03 8.2818096907e-03 2.0123582733e+00 1.1772013630e+00
753 58.082 3.5742790407e-03 8.2831116087e-03 2.0105229582e+00 1.1732633670e+00
754 58.159 3.5692000426e-03 8.2772323917e-03 2.0076703346e+00 1.1704916500e+00
755 58.237 3.5667534738e-03 8.2783329016e-03 2.0051572320e+00 1.1668287788e+00
756 58.314 3.5659970320e-03 8.2709353250e-03 2.0021397226e+00 1.1630174991e+00
757 58.391 3.5594579312e-03 8.2564275455e-03 2.0003371354e+00 1.1597357155e+00
758 58.469 3.5580601171e-03 8.2530623894e-03 1.9969958380e+00 1.1569722113e+00
759 58.546 3.5551347276e-03 8.2568087902e-03 1.9936302128e+00 1.1533170025e+00
760 58.623 3.5516103363e-03 8.2515503669e-03 1.9913309985e+00 1.1498697844e+00
761 58.701 3.5461696090e-03 8.2359055736e-03 1.9895194963e+00 1.1466434832e+00
762 58.778 3.5473552812e-03 8.2285408956e-03 1.9861753555e+00 1.1430748057e+00
763 58.855 3.5432124271e-03 8.2313211259e-03 1.9840675210e+00 1.1394270521e+00
764 58.933 3.5385210231e-03 8.2285526919e-03 1.9814491122e+00 1.1367826435e+00
765 59.010 3.5379369003e-03 8.2192057919e-03 1.9780940709e+00 1.1335674762e+00
766 59.087 3.5360228151e-03 8.2145967950e-03 1.9750494578e+00 1.1294909066e+00
767 59.165 3.5307125880e-03 8.2016630507e-03 1.9739357406e+00 1.1266672921e+00
768 59.242 3.5308200749e-03 8.2013250439e-03 1.9713036299e+00 1.1234507210e+00
769 59.319 3.5290890087e-03 8.1997710849e-03 1.9680100452e+00 1.1202511477e+00
770 59.397 3.5242262908e-03 8.1977964149e-03 1.9661120220e+00 1.1169485249e+00
771 59.474 3.5229121898e-03 8.1852741939e-03 1.9633020482e+00 1.1141770905e+00
772 59.551 3.5225984351e-03 8.1816870691e-03 1.9606562217e+00 1.1105619390e+00
773 59.629 3.5197760427e-03 8.1824169328e-03 1.9587215201e+00 1.1070936373e+00
774 59.706 3.5151538809e-03 8.1782184217e-03 1.9566778595e+00 1.1041838427e+00
775 59.783 3.5146335844e-03 8.1698444008e-03 1.9531840730e+00 1.1013715999e+00
776 59.861 3.5095665828e-03 8.1646488455e-03 1.9508117755e+00 1.0977510331e+00
777 59.938 3.5050232436e-03 8.1491266912e-03 1.9482212692e+00 1.0949406133e+00
778 60.015 3.5031432465e-03 8.1477483630e-03 1.9461943998e+00 1.0917606521e+00
779 60.093 3.5016365542e-03 8.1463212713e-03 1.9428003899e+00 1.0881498189e+00
780 60.170 3.4946330823e-03 8.1439697262e-03 1.9415292953e+00 1.0847930921e+00
781 60.247 3.4943558111e-03 8.1327276542e-03 1.9388224326e+00 1.0824513934e+00
782 60.325 3.4909823784e-03 8.1293369817e-03 1.9351569522e+00 1.0793167368e+00
783 60.402 3.4868245231e-03 8.1233192205e-03 1.9332157175e+00 1.0757555116e+00
784 60.480 3.4829272295e-03 8.1238527516e-03 1.9315530281e+00 1.0730546279e+00
785 60.557 3.4829315312e-03 8.1196982537e-03 1.9288725853e+00 1.0697127242e+00
786 60.634 3.4786226659e-03 8.1192968929e-03 1.9264172750e+00 1.0666285221e+00
787 60.712 3.4746842609e-03 8.1085834822e-03 1.9244965099e+00 1.0637673291e+00
788 60.789 3.4739487751e-03 8.1047520542e-03 1.9211656298e+00 1.0611089816e+00
789 60.866 3.4709809493e-03 8.1073473336e-03 1.9184870251e+00 1.0576819906e+00
790 60.944 3.4657890330e-03 8.1100432518e-03 1.9171018000e+00 1.0546437665e+00
791 61.021 3.4660542684e-03 8.1035502989e-03 1.9152076305e+00 1.0516476235e+00
792 61.098 3.4644530526e-03 8.1055055424e-03 1.9119129199e+00 1.0489724462e+00
793 61.176 3.4586337657e-03 8.0971865134e-03 1.9104558662e+00 1.0456029747e+00
794 61.253 3.4587680832e-03 8.1013298314e-03 1.9079235478e+00 1.0432506379e+00
795 61.330 3.4556370319e-03 8.0960018437e-03 1.9052937867e+00 1.0402544796e+00
796 61.408 3.4519636033e-03 8.0959559198e-03 1.9026891265e+00 1.0365444619e+00
797 61.485 3.4461911692e-03 8.0858185681e-03 1.9014518025e+00 1.0339382675e+00
798 61.562 3.4459946139e-03 8.0808685118e-03 1.8988653142e+00 1.0313589480e+00
799 61.640 3.4406133962e-03 8.0721341564e-03 1.8959758917e+00 1.0284315552e+00
800 61.717 3.4347872299e-03 8.0755837022e-03 1.8941687145e+00 1.0252498742e+00
801 61.794 3.4329647664e-03 8.0690413863e-03 1.8915527497e+00 1.0227495716e+00
802 61.872 3.4319158318e-03 8.0700264086e-03 1.8890355024e+00 1.0195374290e+00
803 61.949 3.4257703977e-03 8.0629817270e-03 1.8871939809e+00 1.0163121959e+00
804 62.026 3.4255224315e-03 8.0553909100e-03 1.8854484970e+00 1.0137101330e+00
805 62.104 3.4229970703e-03 8.0528086920e-03 1.8823766033e+00 1.0112732216e+00
806 62.181 3.4192398032e-03 8.0594309060e-03 1.8800023990e+00 1.0081334617e+00
807 62.258 3.4165588579e-03 8.0561204193e-03 1.8777098247e+00 1.0053585311e+00
808 62.336 3.4164753752e-03 8.0543701540e-03 1.8749903067e+00 1.0026418987e+00
809 62.413 3.4133173976e-03 8.0507403478e-03 1.8719963057e+00 9.9949975614e-01
810 62.490 3.4097429271e-03 8.0490499714e-03 1.8704214556e+00 9.9643529835e-01
811 62.568 3.4101347019e-03 8.0495486656e-03 1.8681992804e+00 9.9424889612e-01
812 62.645 3.4070780666e-03 8.0535148319e-03 1.8646740807e+00 9.9159975981e-01
813 62.722 3.4033296553e-03 8.0537973887e-03 1.8629042310e+00 9.8826817675e-01
814 62.800 3.4035814970e-03 8.0494355391e-03 1.8602638961e+00 9.8595416687e-01
815 62.877 3.4033994191e-03 8.0496010846e-03 1.8581180101e+00 9.8304151667e-01
816 62.954 3.3981073777e-03 8.0523440071e-03 1.8553704539e+00 9.8038703139e-01
817 63.032 3.3977860724e-03 8.0513542596e-03 1.8538297853e+00 9.7746878117e-01
818 63.109 3.3945106862e-03 8.0468172421e-03 1.8510388192e+00 9.7523638283e-01
819 63.186 3.3913959029e-03 8.0457968878e-03 1.8478652153e+00 9.7235542197e-01
820 63.264 3.3868766427e-03 8.0350606988e-03 1.8458679085e+00 9.6925489367e-01
821 63.341 3.3871519027e-03 8.0323180297e-03 1.8435700648e+00 9.6679439663e-01
822 63.418 3.3834013898e-03 8.0326905245e-03 1.8408979874e+00 9.6410355448e-01
823 63.496 3.3789542434e-03 8.0358893990e-03 1.8386212781e+00 9.6131779954e-01
824 63.573 3.3787830749e-03 8.0294569898e-03 1.8367334339e+00 9.5868029626e-01
825 63.650 3.3760192308e-03 8.0312366959e-03 1.8336170134e+00 9.5630723888e-01
826 63.728 3.3718452027e-03 8.0249056359e-03 1.8311086649e+00 9.5330355264e-01
827 63.805 3.3708380537e-03 8.0254905012e-03 1.8287814706e+00 9.5050613816e-01
828 63.882 3.3702600936e-03 8.0233973247e-03 1.8269018641e+00 9.4791776629e-01
829 63.960 3.3703379370e-03 8.0299987714e-03 1.8239115441e+00 9.4557139912e-01
830 64.037 3.3727915524e-03 8.0280872000e-03 1.8223148787e+00 9.4266568563e-01
831 64.114 3.3718666986e-03 8.0267439577e-03 1.8201052589e+00 9.4034579158e-01
832 64.192 3.3795925104e-03 8.0251177812e-03 1.8166874897e+00 9.3784774387e-01
833 64.269 3.3860844221e-03 8.0281014816e-03 1.8149072361e+00 9.3473622648e-01
834 64.346 3.3911230289e-03 8.0306742827e-03 1.8129414071e+00 9.3228339776e-01
835 64.424 3.3929541822e-03 8.0339266642e-03 1.8108571333e+00 9.2998190063e-01
836 64.501 3.3900986771e-03 8.0368805723e-03 1.8080252274e+00 9.2757723982e-01
837 64.578 3.3977373398e-03 8.0323219726e-03 1.8067176531e+00 9.2459427819e-01
838 64.656 3.4040160525e-03 8.0357637491e-03 1.8042112591e+00 9.2259061068e-01
839 64.733 3.4056419018e-03 8.0398668372e-03 1.8012444543e+00 9.1998248571e-01
840 64.811 3.3947359446e-03 8.0422149920e-03 1.7993821554e+00 9.1708557109e-01
841 64.888 3.3865203526e-03 8.0364927806e-03 1.7976917436e+00 9.1458903482e-01
842 64.965 3.3857094885e-03 8.0393957336e-03 1.7951990178e+00 9.1250157335e-01
843 65.043 3.3849190510e-03 8.0328934980e-03 1.7928229626e+00 9.0995315031e-01
844 65.120 3.3840860724e-03 8.0302017831e-03 1.7911170219e+00 9.0716554812e-01
845 65.197 3.3871109105e-03 8.0283174798e-03 1.7882716365e+00 9.0501979982e-01
846 65.275 3.3886232282e-03 8.0360587554e-03 1.7856527453e+00 9.0230643023e-01
847 65.352 3.3888579996e-03 8.0344700065e-03 1.7836212661e+00 8.9961331269e-01
848 65.429 3.3847577603e-03 8.0347458289e-03 1.7820780982e+00 8.9719538034e-01
849 65.507 3.3878696345e-03 8.0338415793e-03 1.7794022982e+00 8.9515728353e-01
850 65.584 3.3864113355e-03 8.0313252670e-03 1.7775076437e+00 8.9255788071e-01
851 65.661 3.3802965038e-03 8.0346796500e-03 1.7756145227e+00 8.8998777147e-01
852 65.739 3.3755409450e-03 8.0387891012e-03 1.7725989909e+00 8.8778530091e-01
853 65.816 3.3750826690e-03 8.0429056173e-03 1.7705087258e+00 8.8505048303e-01
854 65.893 3.3730655736e-03 8.0392816268e-03 1.7687039029e+00 8.8256734448e-01
855 65.971 3.3701903093e-03 8.0442650429e-03 1.7669790808e+00 8.8036519770e-01
856 66.048 3.3676997792e-03 8.0411345405e-03 1.7641383640e+00 8.7827197196e-01
857 66.125 3.3668011883e-03 8.0503299308e-03 1.7627928672e+00 8.7563171611e-01
858 66.203 3.3644994559e-03 8.0503392030e-03 1.7607310974e+00 8.7331425596e-01
859 66.280 3.3605269833e-03 8.0604740059e-03 1.7577830226e+00 8.7106528478e-01
860 66.357 3.3615443764e-03 8.0614022199e-03 1.7560597607e+00 8.6856244357e-01
861 66.435 3.3579342733e-03 8.0639988033e-03 1.7545267704e+00 8.6603983526e-01
862 66.512 3.3554461352e-03 8.0659600098e-03 1.7526394182e+00 8.6408743730e-01
863 66.589 3.3551521068e-03 8.0745274714e-03 1.7500197182e+00 8.6194943951e-01
864 66.667 3.3500414705e-03 8.0755273874e-03 1.7487505073e+00 8.5923786476e-01
865 66.744 3.3442979973e-03 8.0759331316e-03 1.7464205781e+00 8.5711105075e-01
866 66.821 3.3426039937e-03 8.0780222271e-03 1.7435465636e+00 8.5479025472e-01
867 66.899 3.3399090311e-03 8.0709996852e-03 1.7418610200e+00 8.5238655448e-01
868 66.976 3.3326611468e-03 8.0741018223e-03 1.7402646873e+00 8.4980735433e-01
869 67.053 3.3321499157e-03 8.0746787986e-03 1.7381414391e+00 8.4793679020e-01
870 67.131 3.3284119863e-03 8.0822466936e-03 1.7356712915e+00 8.4574161172e-01
871 67.208 3.3242579388e-03 8.0807621085e-03 1.7343275269e+00 8.4304514067e-01
872 67.285 3.3205439994e-03 8.0866599046e-03 1.7319368612e+00 8.4102273917e-01
873 67.363 3.3195074076e-03 8.0863886775e-03 1.7291820441e+00 8.3871088962e-01
874 67.440 3.3156612599e-03 8.0846749493e-03 1.7275621767e+00 8.3640913684e-01
875 67.517 3.3110366617e-03 8.0880489346e-03 1.7260435366e+00 8.3384523112e-01
876 67.595 3.3108041788e-03 8.0947575544e-03 1.7238611022e+00 8.3209794661e-01
877 67.672 3.3060539088e-03 8.1001269767e-03 1.7216076506e+00 8.2991194275e-01
878 67.749 3.3022720162e-03 8.0965076371e-03 1.7201884201e+00 8.2723665735e-01
879 67.827 3.3011506260e-03 8.0888830634e-03 1.7177370269e+00 8.2534209441e-01
880 67.904 3.3005618690e-03 8.0896904987e-03 1.7151288287e+00 8.2304475860e-01
881 67.981 3.2958638720e-03 8.0816658934e-03 1.7133756381e+00 8.2086998626e-01
882 68.059 3.2950075206e-03 8.0648809877e-03 1.7121652339e+00 8.1838232789e-01
883 68.136 3.2940497493e-03 8.0576775263e-03 1.7099282144e+00 8.1669458682e-01
884 68.213 3.2903917641e-03 8.0462716792e-03 1.7072622425e+00 8.1452330718e-01
885 68.291 3.2883354482e-03 8.0440370940e-03 1.7057749234e+00 8.1187439097e-01
886 68.368 3.2877371737e-03 8.0331327721e-03 1.7035759846e+00 8.0921903972e-01
887 68.445 3.2870830000e-03 8.0277847242e-03 1.7015605710e+00 8.0633769047e-01
888 68.523 3.2819388600e-03 8.0182318139e-03 1.6992270074e+00 8.0299032969e-01
889 68.600 3.2817179013e-03 7.9996518976e-03 1.6966907886e+00 7.9921259653e-01
890 68.677 3.2780463815e-03 7.9875674608e-03 1.6932449202e+00 7.9563537041e-01
891 68.755 3.2731831882e-03 7.9785708125e-03 1.6888695364e+00 7.9217826464e-01
892 68.832 3.2701140910e-03 7.9700123672e-03 1.6857243427e+00 7.8890974876e-01
893 68.910 3.2678080351e-03 7.9530202999e-03 1.6835031918e+00 7.8520776983e-01
894 68.987 3.2646364965e-03 7.9454901304e-03 1.6804265108e+00 7.8130842263e-01
895 69.064 3.2584443665e-03 7.9299663209e-03 1.6764218112e+00 7.7746831816e-01
896 69.142 3.2590387085e-03 7.9175369663e-03 1.6741957886e+00 7.7430670685e-01
897 69.219 3.2553515390e-03 7.9066062107e-03 1.6710848915e+00 7.7079363937e-01
898 69.296 3.2514266870e-03 7.9002400465e-03 1.6673957080e+00 7.6686488203e-01
899 69.374 3.2496356103e-03 7.8907960416e-03 1.6642200462e+00 7.6284105334e-01
900 69.451 3.2480647892e-03 7.8763049340e-03 1.6620677280e+00 7.5950375548e-01
901 69.528 3.2450132163e-03 7.8684447136e-03 1.6592700709e+00 7.5618351272e-01
902 69.606 3.2407765766e-03 7.8522957297e-03 1.6555506426e+00 7.5245402854e-01
903 69.683 3.2414952386e-03 7.8474546470e-03 1.6533611501e+00 7.4832268712e-01
904 69.760 3.2379849969e-03 7.8358529373e-03 1.6504674301e+00 7.4454147021e-01
905 69.838 3.2352414948e-03 7.8322369497e-03 1.6472271499e+00 7.4141280759e-01
906 69.915 3.2343587101e-03 7.8222367601e-03 1.6441028104e+00 7.3788117720e-01
907 69.992 3.2337731064e-03 7.8107100374e-03 1.6421069110e+00 7.3395373865e-01
908 70.070 3.2310329446e-03 7.8024131257e-03 1.6395219441e+00 7.3013754949e-01
909 70.147 3.2283559286e-03 7.7915479348e-03 1.6360259265e+00 7.2654389662e-01
910 70.224 3.2294053965e-03 7.7876842429e-03 1.6340003027e+00 7.2320712722e-01
911 70.302 3.2266146841e-03 7.7768652975e-03 1.6313000503e+00 7.1948144463e-01
912 70.379 3.2247718688e-03 7.7747473887e-03 1.6284116432e+00 7.1574292396e-01
913 70.456 3.2245140787e-03 7.7645516801e-03 1.6254510543e+00 7.1234855040e-01
914 70.534 3.2249513617e-03 7.7556059857e-03 1.6236481755e+00 7.0857455385e-01
915 70.611 3.2227245301e-03 7.7472417447e-03 1.6212551113e+00 7.0494183354e-01
916 70.688 3.2186985461e-03 7.7368316030e-03 1.6178084681e+00 7.0123958762e-01
917 70.766 3.2179283533e-03 7.7279511343e-03 1.6157638756e+00 6.9796503913e-01
918 70.843 3.2134852701e-03 7.7111436079e-03 1.6131072076e+00 6.9430205658e-01
919 70.920 3.2098677564e-03 7.6865130664e-03 1.6100760017e+00 6.9050234273e-01
920 70.998 3.2081266443e-03 7.6719858985e-03 1.6072283877e+00 6.8719440480e-01
921 71.075 3.2064981894e-03 7.6554327888e-03 1.6050210453e+00 6.8352283191e-01
922 71.152 3.2026397265e-03 7.6439745041e-03 1.6026906683e+00 6.7958997904e-01
923 71.230 3.1991535721e-03 7.6249642471e-03 1.5995223925e+00 6.7627116217e-01
924 71.307 3.1991478134e-03 7.6096125561e-03 1.5972880603e+00 6.7284444216e-01
925 71.384 3.1950984551e-03 7.5938293958e-03 1.5948984121e+00 6.6931918421e-01
926 71.462 3.1922442757e-03 7.5878251739e-03 1.5916763193e+00 6.6558679709e-01
927 71.539 3.1915328482e-03 7.5751303383e-03 1.5891938075e+00 6.6242417557e-01
928 71.616 3.1901852032e-03 7.5599668248e-03 1.5867582696e+00 6.5891808426e-01
929 71.694 3.1872125789e-03 7.5483724606e-03 1.5846521040e+00 6.5507517392e-01
930 71.771 3.1841707009e-03 7.5293424703e-03 1.5817588678e+00 6.5186476929e-01
931 71.848 3.1850600581e-03 7.5178749357e-03 1.5794522734e+00 6.4837815201e-01
932 71.926 3.1819460912e-03 7.5047985069e-03 1.5773302895e+00 6.4501122889e-01
933 72.003 3.1795480897e-03 7.4997447246e-03 1.5743856709e+00 6.4134586800e-01
934 72.080 3.1797268116e-03 7.4872925766e-03 1.5719008468e+00 6.3830995471e-01
935 72.158 3.1787372524e-03 7.4770692037e-03 1.5697348349e+00 6.3499516815e-01
936 72.235 3.1767954127e-03 7.4660658737e-03 1.5674161287e+00 6.3135925889e-01
937 72.312 3.1742340345e-03 7.4494408335e-03 1.5647963518e+00 6.2814278494e-01
938 72.390 3.1758546027e-03 7.4416896177e-03 1.5625265226e+00 6.2485111063e-01
939 72.467 3.1738330557e-03 7.4329410777e-03 1.5606743783e+00 6.2152347578e-01
940 72.544 3.1718736034e-03 7.4287167865e-03 1.5580083168e+00 6.1807091823e-01
941 72.622 3.1727463541e-03 7.4171977192e-03 1.5556093344e+00 6.1500852011e-01
942 72.699 3.1720718995e-03 7.4102845010e-03 1.5537176490e+00 6.1189191271e-01
943 72.776 3.1713374840e-03 7.4005334143e-03 1.5512450301e+00 6.0846783696e-01
944 72.854 3.1694590099e-03 7.3872559572e-03 1.5489009086e+00 6.0524505546e-01
945 72.931 3.1688912980e-03 7.3741517127e-03 1.5465054974e+00 6.0212971303e-01
946 73.009 3.1657852353e-03 7.3591267026e-03 1.5447320401e+00 5.9882232380e-01
947 73.086 3.1614621978e-03 7.3479383118e-03 1.5421975696e+00 5.9556127646e-01
948 73.163 3.1607575202e-03 7.3296119653e-03 1.5394955975e+00 5.9234542065e-01
949 73.241 3.1577526286e-03 7.3162199315e-03 1.5377361124e+00 5.8941008355e-01
950 73.318 3.1556706062e-03 7.2999149698e-03 1.5352211224e+00 5.8619747015e-01
951 73.395 3.1525627126e-03 7.2825613767e-03 1.5323828105e+00 5.8275895407e-01
952 73.473 3.1514524989e-03 7.2713533587e-03 1.5304975984e+00 5.7986856785e-01
953 73.550 3.1498049956e-03 7.2580053412e-03 1.5282080533e+00 5.7670689905e-01
954 73.627 3.1451031183e-03 7.2489100056e-03 1.5260216620e+00 5.7346458989e-01
955 73.705 3.1454290752e-03 7.2327949118e-03 1.5230880977e+00 5.7022359512e-01
956 73.782 3.1439161885e-03 7.2212964622e-03 1.5216029358e+00 5.6733161330e-01
957 73.859 3.1414898880e-03 7.2074041836e-03 1.5194396791e+00 5.6435263372e-01
958 73.937 3.1394103200e-03 7.1937037691e-03 1.5165347821e+00 5.6111220370e-01
959 74.014 3.1380724885e-03 7.1847930676e-03 1.5148088224e+00 5.5806470176e-01
960 74.091 3.1378346107e-03 7.1730274190e-03 1.5126770084e+00 5.5513478099e-01
961 74.169 3.1339217119e-03 7.1664442947e-03 1.5101653050e+00 5.5194885298e-01
962 74.246 3.1340759620e-03 7.1529432587e-03 1.5078606077e+00 5.4882937940e-01
963 74.323 3.1341845634e-03 7.1431328349e-03 1.5058892949e+00 5.4582805429e-01
964 74.401 3.1314960601e-03 7.1320760648e-03 1.5040816164e+00 5.4304404613e-01
965 74.478 3.1302403929e-03 7.1205854563e-03 1.5015385299e+00 5.4004143013e-01
966 74.555 3.1305730149e-03 7.1144333369e-03 1.4996318592e+00 5.3682005920e-01
967 74.633 3.1300372770e-03 7.1036990187e-03 1.4978594881e+00 5.3411647151e-01
968 74.710 3.1278880172e-03 7.1001081939e-03 1.4953570687e+00 5.3116617315e-01
969 74.787 3.1270155762e-03 7.0896909025e-03 1.4932602220e+00 5.2806851869e-01
970 74.865 3.1285505965e-03 7.0808757737e-03 1.4915307445e+00 5.2512444476e-01
971 74.942 3.1266719561e-03 7.0731421201e-03 1.4894081133e+00 5.2234413492e-01
972 75.019 3.1250549647e-03 7.0618176914e-03 1.4872327672e+00 5.1957267459e-01
973 75.097 3.1270371662e-03 7.0589424161e-03 1.4852106182e+00 5.1656334474e-01
974 75.174 3.1261212288e-03 7.0493473868e-03 1.4838045832e+00 5.1372874684e-01
975 75.251 3.1235973744e-03 7.0405041965e-03 1.4815227939e+00 5.1099349099e-01
976 75.329 3.1210558529e-03 7.0260855937e-03 1.4790617243e+00 5.0803922913e-01
977 75.406 3.1196367227e-03 7.0093449178e-03 1.4775492358e+00 5.0505869241e-01
978 75.483 3.1174872793e-03 6.9978454511e-03 1.4753558591e+00 5.0231069088e-01
979 75.561 3.1129124981e-03 6.9796465049e-03 1.4727408420e+00 4.9957781327e-01
980 75.638 3.1132017940e-03 6.9703122873e-03 1.4711249717e+00 4.9680342813e-01
981 75.715 3.1114552956e-03 6.9572331728e-03 1.4690251371e+00 4.9381771677e-01
982 75.793 3.1082217565e-03 6.9475320992e-03 1.4670463806e+00 4.9116450536e-01
983 75.870 3.1065545755e-03 6.9373668513e-03 1.4645596227e+00 4.8845633630e-01
984 75.947 3.1052403371e-03 6.9206013204e-03 1.4629653204e+00 4.8554084574e-01
985 76.025 3.1036131646e-03 6.9129005320e-03 1.4611977720e+00 4.8267595928e-01
986 76.102 3.0999108198e-03 6.8991462353e-03 1.4587603018e+00 4.8003565232e-01
987 76.179 3.0990261038e-03 6.8880374456e-03 1.4568952864e+00 4.7733284322e-01
988 76.257 3.0991166404e-03 6.8792046741e-03 1.4552227726e+00 4.7459515626e-01
989 76.334 3.0958803405e-03 6.8688926717e-03 1.4528845164e+00 4.7166163518e-01
990 76.411 3.0938763764e-03 6.8631225966e-03 1.4507214526e+00 4.6919147219e-01
991 76.489 3.0947531018e-03 6.8508592588e-03 1.4491486905e+00 4.6652086754e-01
992 76.566 3.0922698283e-03 6.8425659835e-03 1.4471110700e+00 4.6365405293e-01
993 76.643 3.0908612445e-03 6.8334758601e-03 1.4451084257e+00 4.6098202806e-01
994 76.721 3.0905619521e-03 6.8195949157e-03 1.4430037122e+00 4.5838006130e-01
995 76.798 3.0897668856e-03 6.8153120459e-03 1.4415772122e+00 4.5573271263e-01
996 76.875 3.0888627258e-03 6.8046573441e-03 1.4396754878e+00 4.5304084171e-01
997 76.953 3.0865428625e-03 6.8027405007e-03 1.4371194734e+00 4.5030717943e-01
998 77.030 3.0873716199e-03 6.7953166681e-03 1.4359807370e+00 4.4787279712e-01
999 77.107 3.0870072399e-03 6.7856496729e-03 1.4341846087e+00 4.4524867555e-01
1000 77.185 3.0850160205e-03 6.7815951416e-03 1.4317864306e+00 4.4243890193e-01
1001 77.262 3.0850710790e-03 6.7711869657e-03 1.4303408981e+00 4.3996909703e-01
1002 77.340 3.0852814970e-03 6.7637742373e-03 1.4286549306e+00 4.3741407532e-01
1003 77.417 3.0849076965e-03 6.7581839170e-03 1.4268752199e+00 4.3483986898e-01
1004 77.494 3.0829023227e-03 6.7539863273e-03 1.4247649364e+00 4.3220167848e-01
1005 77.572 3.0836707856e-03 6.7518379609e-03 1.4232791488e+00 4.2966967771e-01
1006 77.649 3.0848108501e-03 6.7434362469e-03 1.4219282979e+00 4.2727929469e-01
1007 77.726 3.0808060860e-03 6.7335302125e-03 1.4197863195e+00 4.2470663122e-01
1008 77.804 3.0771954366e-03 6.7213487025e-03 1.4178084493e+00 4.2197223986e-01
1009 77.881 3.0770193156e-03 6.7033054264e-03 1.4164208483e+00 4.1964380101e-01
1010 77.958 3.0740057141e-03 6.6947855374e-03 1.4144229398e+00 4.1714989180e-01
1011 78.036 3.0714011258e-03 6.6800712533e-03 1.4120287963e+00 4.1461044922e-01
1012 78.113 3.0701599694e-03 6.6739453612e-03 1.4107852063e+00 4.1204135484e-01
1013 78.190 3.0679065495e-03 6.6640802499e-03 1.4089343934e+00 4.0956500764e-01
1014 78.268 3.0668225447e-03 6.6506415560e-03 1.4069665063e+00 4.0723339450e-01
1015 78.345 3.0637260904e-03 6.6444352669e-03 1.4050467950e+00 4.0474191049e-01
1016 78.422 3.0626462722e-03 6.6321339238e-03 1.4033459272e+00 4.0209410396e-01
1017 78.500 3.0625195487e-03 6.6204565365e-03 1.4018262438e+00 3.9981760850e-01
1018 78.577 3.0588741138e-03 6.6119023671e-03 1.3997159746e+00 3.9740413205e-01
1019 78.654 3.0579071650e-03 6.5983181522e-03 1.3979575844e+00 3.9484659506e-01
1020 78.732 3.0584720686e-03 6.5945231593e-03 1.3965966510e+00 3.9236385005e-01
1021 78.809 3.0559576528e-03 6.5847327261e-03 1.3946366431e+00 3.8999729973e-01
1022 78.886 3.0544589673e-03 6.5773252532e-03 1.3925088284e+00 3.8769482077e-01
1023 78.964 3.0546854416e-03 6.5713004234e-03 1.3912981139e+00 3.8528884806e-01
1024 79.041 3.0535567852e-03 6.5593225655e-03 1.3894912214e+00 3.8273478561e-01
1025 79.118 3.0527955881e-03 6.5536266850e-03 1.3874014643e+00 3.8048934482e-01
1026 79.196 3.0511716975e-03 6.5455102780e-03 1.3859489374e+00 3.7816053529e-01
1027 79.273 3.0513402525e-03 6.5341087804e-03 1.3842979327e+00 3.7568641342e-01
1028 79.350 3.0513511284e-03 6.5307456235e-03 1.3825036193e+00 3.7323407415e-01
1029 79.428 3.0489013392e-03 6.5215196233e-03 1.3804503170e+00 3.7098268636e-01
1030 79.505 3.0493213500e-03 6.5194168337e-03 1.3789372192e+00 3.6869533941e-01
1031 79.582 3.0501374764e-03 6.5140891412e-03 1.3775202999e+00 3.6637865729e-01
1032 79.660 3.0489694565e-03 6.5036256977e-03 1.3756236562e+00 3.6392178430e-01
1033 79.737 3.0477983727e-03 6.5023268948e-03 1.3736760681e+00 3.6170875107e-01
1034 79.814 3.0491244763e-03 6.4951711854e-03 1.3725245741e+00 3.5946821516e-01
1035 79.892 3.0491769882e-03 6.4861862815e-03 1.3707874660e+00 3.5709016074e-01
1036 79.969 3.0488598177e-03 6.4831649624e-03 1.3685224224e+00 3.5471444084e-01
1037 80.046 3.0482732720e-03 6.4743203931e-03 1.3675306240e+00 3.5255000562e-01
1038 80.124 3.0494789164e-03 6.4754398781e-03 1.3659559132e+00 3.5030002815e-01
1039 80.201 3.0500487809e-03 6.4713609588e-03 1.3640712223e+00 3.4807556706e-01
1040 80.278 3.0487609913e-03 6.4645665226e-03 1.3625507441e+00 3.4571847335e-01
1041 80.356 3.0474633997e-03 6.4578481877e-03 1.3610064913e+00 3.4356964616e-01
1042 80.433 3.0465905361e-03 6.4453908933e-03 1.3593567938e+00 3.4142354537e-01
1043 80.510 3.0438775654e-03 6.4328608587e-03 1.3574288473e+00 3.3915585442e-01
1044 80.588 3.0410606185e-03 6.4246599641e-03 1.3557261408e+00 3.3679717972e-01
1045 80.665 3.0409091079e-03 6.4107710093e-03 1.3543751135e+00 3.3472222896e-01
1046 80.742 3.0391267792e-03 6.4029157470e-03 1.3526354122e+00 3.3253784491e-01
1047 80.820 3.0372795430e-03 6.3938771284e-03 1.3503559410e+00 3.3035689405e-01
1048 80.897 3.0354107706e-03 6.3831155305e-03 1.3492956071e+00 3.2812139816e-01
1049 80.974 3.0345459219e-03 6.3783134370e-03 1.3477458344e+00 3.2589713072e-01
1050 81.052 3.0336847404e-03 6.3679009388e-03 1.3456580858e+00 3.2385866425e-01
1051 81.129 3.0303307734e-03 6.3582351714e-03 1.3441331206e+00 3.2170494762e-01
1052 81.206 3.0301413534e-03 6.3521347169e-03 1.3427748948e+00 3.1943872303e-01
1053 81.284 3.0302838235e-03 6.3404650778e-03 1.3408805393e+00 3.1730861523e-01
1054 81.361 3.0278826551e-03 6.3319890356e-03 1.3389874789e+00 3.1523628128e-01
1055 81.439 3.0261691549e-03 6.3247087565e-03 1.3377443134e+00 3.1305349864e-01
1056 81.516 3.0270838446e-03 6.3150702256e-03 1.3360449125e+00 3.1089679276e-01
1057 81.593 3.0255990168e-03 6.3125256020e-03 1.3344575279e+00 3.0872374155e-01
1058 81.671 3.0249238371e-03 6.3044862461e-03 1.3326701569e+00 3.0668712855e-01
1059 81.748 3.0240851690e-03 6.2972314927e-03 1.3312306819e+00 3.0464803560e-01
1060 81.825 3.0234697312e-03 6.2935927012e-03 1.3298805385e+00 3.0250245273e-01
1061 81.903 3.0238549230e-03 6.2844915312e-03 1.3280005109e+00 3.0029657525e-01
1062 81.980 3.0212724980e-03 6.2782166011e-03 1.3264286969e+00 2.9833676351e-01
1063 82.057 3.0214841357e-03 6.2736029877e-03 1.3252734766e+00 2.9627246805e-01
1064 82.135 3.0229523160e-03 6.2635593345e-03 1.3235901155e+00 2.9412595476e-01
1065 82.212 3.0211758095e-03 6.2598250434e-03 1.3216077195e+00 2.9202129474e-01
1066 82.289 3.0205746564e-03 6.2545551835e-03 1.3206491735e+00 2.9002972561e-01
1067 82.367 3.0221812700e-03 6.2486920219e-03 1.3191642558e+00 2.8804486836e-01
1068 82.444 3.0215407112e-03 6.2479378932e-03 1.3172888350e+00 2.8601960353e-01
1069 82.521 3.0217376004e-03 6.2418195056e-03 1.3160295780e+00 2.8389619839e-01
1070 82.599 3.0214903197e-03 6.2365358846e-03 1.3147448837e+00 2.8192617330e-01
1071 82.676 3.0220091890e-03 6.2350278052e-03 1.3131735431e+00 2.7997973541e-01
1072 82.753 3.0229548183e-03 6.2281803300e-03 1.3115196468e+00 2.7793700693e-01
1073 82.831 3.0217225409e-03 6.2234172894e-03 1.3103446304e+00 2.7589606116e-01
1074 82.908 3.0225316042e-03 6.2212756213e-03 1.3090721056e+00 2.7392681959e-01
1075 82.985 3.0241632056e-03 6.2138195326e-03 1.3076192105e+00 2.7197021655e-01
1076 83.063 3.0241365674e-03 6.2125292671e-03 1.3059704547e+00 2.7006418956e-01
1077 83.140 3.0212009929e-03 6.2035632920e-03 1.3048197349e+00 2.6807680540e-01
1078 83.217 3.0206514102e-03 6.1913773844e-03 1.3034218607e+00 2.6606033400e-01
1079 83.295 3.0195240101e-03 6.1871337884e-03 1.3015378161e+00 2.6423946370e-01
1080 83.372 3.0171075897e-03 6.1776368188e-03 1.3001418297e+00 2.6233365128e-01
1081 83.449 3.0148332889e-03 6.1656558524e-03 1.2989654866e+00 2.6034506859e-01
1082 83.527 3.0149543673e-03 6.1609380869e-03 1.2973039577e+00 2.5834201188e-01
1083 83.604 3.0130531129e-03 6.1510028883e-03 1.2953583874e+00 2.5650243578e-01
1084 83.681 3.0114820975e-03 6.1393039823e-03 1.2944045407e+00 2.5459632800e-01
1085 83.759 3.0104450277e-03 6.1342069740e-03 1.2929665832e+00 2.5273229534e-01
1086 83.836 3.0090545796e-03 6.1239276870e-03 1.2911684344e+00 2.5079658488e-01
1087 83.913 3.0087568778e-03 6.1169391070e-03 1.2897562500e+00 2.4884951135e-01
1088 83.991 3.0060160617e-03 6.1114497977e-03 1.2885428359e+00 2.4707257550e-01
1089 84.068 3.0055695062e-03 6.1008736514e-03 1.2869356057e+00 2.4521737891e-01
1090 84.145 3.0061061074e-03 6.0977186227e-03 1.2853754682e+00 2.4328601100e-01
1091 84.223 3.0039657234e-03 6.0919303547e-03 1.2840458923e+00 2.4133953351e-01
1092 84.300 3.0025269031e-03 6.0810829313e-03 1.2826294299e+00 2.3956412975e-01
1093 84.377 3.0035195975e-03 6.0780947777e-03 1.2812938294e+00 2.3771395596e-01
1094 84.455 3.0027065833e-03 6.0721058441e-03 1.2794942914e+00 2.3587531782e-01
1095 84.532 3.0016414022e-03 6.0610847454e-03 1.2782644311e+00 2.3400042263e-01
1096 84.609 3.0009852971e-03 6.1291841237e-03 1.2771544474e+00 2.3211624048e-01
1097 84.687 3.0015137964e-03 6.2058712241e-03 1.2755697725e+00 2.3038420495e-01
1098 84.764 3.0009042962e-03 6.2782087539e-03 1.2738921895e+00 2.2858850471e-01
1099 84.841 2.9998382269e-03 6.3463207109e-03 1.2729719267e+00 2.2672292263e-01
1100 84.919 3.0003407015e-03 6.4103304357e-03 1.2716148787e+00 2.2485362954e-01
1101 84.996 3.0001623217e-03 6.4703589519e-03 1.2697882888e+00 2.2313613587e-01
1102 85.073 3.0004762033e-03 6.5265225687e-03 1.2687619632e+00 2.2135007012e-01
1103 85.151 2.9991476815e-03 6.5789304928e-03 1.2676336881e+00 2.1957968810e-01
1104 85.228 2.9993780527e-03 6.6276828590e-03 1.2660366582e+00 2.1777315300e-01
1105 85.305 3.0010667259e-03 6.6728693578e-03 1.2645320572e+00 2.1594278416e-01
1106 85.383 2.9997117992e-03 6.7145684897e-03 1.2636337343e+00 2.1427961336e-01
1107 85.460 2.9995371631e-03 6.7528473934e-03 1.2622675065e+00 2.1255060038e-01
1108 85.538 3.0015524405e-03 6.8012336954e-03 1.2608304726e+00 2.1075765471e-01
1109 85.615 3.0016415961e-03 6.8663118664e-03 1.2596294367e+00 2.0895185235e-01
1110 85.692 3.0017092863e-03 6.9282870050e-03 1.2584952950e+00 2.0729928712e-01
1111 85.770 3.0018766567e-03 6.9872066824e-03 1.2572520032e+00 2.0558401032e-01
1112 85.847 3.0034281796e-03 7.0431060243e-03 1.2557811033e+00 2.0388057363e-01
1113 85.924 3.0037623958e-03 7.0960090346e-03 1.2547273069e+00 2.0214879363e-01
1114 86.002 3.0038413045e-03 7.1459299648e-03 1.2536748727e+00 2.0037085092e-01
1115 86.079 3.0050011104e-03 7.1928746735e-03 1.2524368543e+00 1.9877489133e-01
1116 86.156 3.0165295171e-03 6.8398873680e-03 1.2508073396e+00 1.9713204497e-01
1117 86.234 3.0024080185e-03 6.6823209310e-03 1.2497340988e+00 1.9543491969e-01
1118 86.311 3.0891115821e-03 6.4802073571e-03 1.2485816756e+00 1.9368518099e-01
1119 86.388 3.2147977700e-03 6.3895218538e-03 1.2469952090e+00 1.9209437919e-01
1120 86.466 3.2772672978e-03 6.2596931020e-03 1.2454937301e+00 1.9047457135e-01
1121 86.543 3.2927146947e-03 6.2255489773e-03 1.2445890076e+00 1.8880305404e-01
1122 86.620 3.2760360395e-03 6.4131766208e-03 1.2432505404e+00 1.8716037894e-01
1123 86.698 3.2704126786e-03 6.5556240100e-03 1.2414823120e+00 1.8547777042e-01
1124 86.775 3.3269539849e-03 6.6605551037e-03 1.2404782715e+00 1.8387394687e-01
1125 86.852 3.3640434629e-03 6.7352514015e-03 1.2393885387e+00 1.8231710183e-01
1126 86.930 3.3853472159e-03 6.7862605947e-03 1.2378692503e+00 1.8071067677e-01
1127 87.007 3.3942726415e-03 6.8191961527e-03 1.2362618719e+00 1.7905624832e-01
1128 87.084 3.3938143938e-03 6.8717775332e-03 1.2354215333e+00 1.7739944991e-01
1129 87.162 3.3864870900e-03 7.0030024594e-03 1.2341519530e+00 1.7586836506e-01
1130 87.239 3.3743175289e-03 7.1203252306e-03 1.2325958063e+00 1.7429014373e-01
1131 87.316 3.3588748373e-03 7.2253626863e-03 1.2313580174e+00 1.7269743588e-01
1132 87.394 3.3413221835e-03 7.3193169041e-03 1.2303388608e+00 1.7111118663e-01
1133 87.471 3.3224782445e-03 7.4031164911e-03 1.2288945101e+00 1.6948051047e-01
1134 87.548 3.3028803614e-03 7.4775151027e-03 1.2275521830e+00 1.6799341825e-01
1135 87.626 3.2828442622e-03 7.5431563207e-03 1.2264435619e+00 1.6648107210e-01
1136 87.703 3.2625174332e-03 7.6006137091e-03 1.2252506309e+00 1.6492508262e-01
1137 87.780 3.2419247992e-03 7.6504136036e-03 1.2240076566e+00 1.6332694526e-01
1138 87.858 3.2397642864e-03 7.6930466213e-03 1.2225029054e+00 1.6175841221e-01
1139 87.935 3.2524256209e-03 7.7289723430e-03 1.2215391541e+00 1.6027646974e-01
1140 88.012 3.2636253075e-03 7.7586202951e-03 1.2203936516e+00 1.5876290294e-01
1141 88.090 3.2732239545e-03 7.7823892990e-03 1.2191405628e+00 1.5727545052e-01
1142 88.167 3.2810939333e-03 7.8006464580e-03 1.2177694133e+00 1.5574771384e-01
1143 88.244 3.2871215654e-03 7.8137264847e-03 1.2167241301e+00 1.5418115230e-01
1144 88.322 3.2912079838e-03 7.8219316902e-03 1.2157236674e+00 1.5274517241e-01
1145 88.399 3.2932691098e-03 7.8255327118e-03 1.2143041990e+00 1.5129004668e-01
1146 88.476 3.2932350682e-03 7.8247699189e-03 1.2131001974e+00 1.4979679237e-01
1147 88.554 3.2956986139e-03 7.8198553642e-03 1.2122607473e+00 1.4826681789e-01
1148 88.631 3.3159058317e-03 7.8109751244e-03 1.2110950711e+00 1.4677094981e-01
1149 88.708 3.3359423909e-03 7.7982918780e-03 1.2095141885e+00 1.4535010849e-01
1150 88.786 3.3537041264e-03 7.7819475834e-03 1.2087616981e+00 1.4391661474e-01
1151 88.863 3.3691494327e-03 7.7620661487e-03 1.2078509404e+00 1.4249384828e-01
1152 88.940 3.3822422790e-03 7.7387560088e-03 1.2065250269e+00 1.4103606301e-01
1153 89.018 3.3929520072e-03 7.7121125510e-03 1.2052350903e+00 1.3954462668e-01
1154 89.095 3.4012531439e-03 7.6822203496e-03 1.2045804371e+00 1.3814118512e-01
1155 89.172 3.4071252213e-03 7.6491551905e-03 1.2035107634e+00 1.3675445999e-01
1156 89.250 3.4125862506e-03 7.6129858774e-03 1.2021392702e+00 1.3533469693e-01
1157 89.327 3.4599978907e-03 7.0173956301e-03 1.2011185783e+00 1.3392971788e-01
1158 89.404 3.4416823032e-03 6.8134078379e-03 1.2001612922e+00 1.3252996943e-01
1159 89.482 3.3919682630e-03 6.6335172657e-03 1.1988152881e+00 1.3114380695e-01
1160 89.559 3.3904059304e-03 6.3841400211e-03 1.1974340124e+00 1.2980425457e-01
1161 89.636 3.4120067654e-03 6.3160963396e-03 1.1965121952e+00 1.2847406946e-01
1162 89.714 3.5085534931e-03 6.2315936742e-03 1.1954326952e+00 1.2711573445e-01
1163 89.791 3.5813680938e-03 6.4309127468e-03 1.1940721784e+00 1.2573039873e-01
1164 89.869 3.6085360802e-03 6.5733379345e-03 1.1927075583e+00 1.2434690585e-01
1165 89.946 3.5987109108e-03 6.6688546425e-03 1.1918952066e+00 1.2305779337e-01
1166 90.023 3.5607833583e-03 6.7268117647e-03 1.1906970917e+00 1.2174212414e-01
1167 90.101 3.5078084761e-03 6.7555447429e-03 1.1894539701e+00 1.2042473821e-01
1168 90.178 3.5367415275e-03 6.7621721696e-03 1.1882154609e+00 1.1911313356e-01
1169 90.255 3.5630171250e-03 6.7525455189e-03 1.1872849125e+00 1.1777691753e-01
1170 90.333 3.5769926828e-03 6.8090519567e-03 1.1860619482e+00 1.1643572716e-01
1171 90.410 3.5800966044e-03 6.8491217266e-03 1.1848449369e+00 1.1519185024e-01
1172 90.487 3.5738628412e-03 6.8692186131e-03 1.1837389243e+00 1.1392376193e-01
1173 90.565 3.5787046752e-03 6.8735016717e-03 1.1826937095e+00 1.1263252470e-01
1174 90.642 3.5876411845e-03 6.8654563648e-03 1.1815922173e+00 1.1131920273e-01
1175 90.719 3.5937156798e-03 6.8479238002e-03 1.1802618768e+00 1.1002285851e-01
1176 90.797 3.5973995771e-03 6.8231603630e-03 1.1792972579e+00 1.0878931750e-01
1177 90.874 3.5990114588e-03 6.7929128852e-03 1.1782188847e+00 1.0754393292e-01
1178 90.951 3.5987490812e-03 6.7584987077e-03 1.1771569144e+00 1.0631536579e-01
1179 91.029 3.5967181909e-03 6.7208835316e-03 1.1757880464e+00 1.0507711574e-01
1180 91.106 3.5929572843e-03 6.6807527412e-03 1.1749007969e+00 1.0381891545e-01
1181 91.183 3.5874581026e-03 6.6385739580e-03 1.1739436833e+00 1.0254178543e-01
1182 91.261 3.5801820539e-03 6.5946500374e-03 1.1727723828e+00 1.0135986518e-01
1183 91.338 3.5710729776e-03 6.6267278318e-03 1.1715613799e+00 1.0016800473e-01
1184 91.415 3.5600667631e-03 6.6610305254e-03 1.1706327531e+00 9.8957475625e-02
1185 91.493 3.5597857459e-03 6.6915876618e-03 1.1697312284e+00 9.7741407766e-02
1186 91.570 3.5666770972e-03 6.7186730403e-03 1.1684541099e+00 9.6540928769e-02
1187 91.647 3.5707190231e-03 6.7425080561e-03 1.1722202431e+00 9.5323478679e-02
1188 91.725 3.5719136573e-03 6.7632721047e-03 1.1766322295e+00 9.4163221273e-02
1189 91.802 3.5702714469e-03 6.7811111127e-03 1.1806536044e+00 9.3027237154e-02
1190 91.879 3.5658095903e-03 6.7961444830e-03 1.1842842948e+00 9.1874506186e-02
1191 91.957 3.5585508538e-03 6.8084707145e-03 1.1875243067e+00 9.0705955480e-02
1192 92.034 3.5485226906e-03 6.8181719227e-03 1.1903737660e+00 8.9522510693e-02
1193 92.111 3.5357565923e-03 6.8253174561e-03 1.1928329512e+00 8.8363866705e-02
1194 92.189 3.5202876166e-03 6.8299667756e-03 1.1949023176e+00 8.7252901715e-02
1195 92.266 3.5021540442e-03 6.8321717338e-03 1.1965825158e+00 8.6148540544e-02
1196 92.343 3.5042873384e-03 6.8319783721e-03 1.1978744048e+00 8.5055187659e-02
1197 92.421 3.5040974801e-03 6.8294283297e-03 1.1987790617e+00 8.3947755606e-02
1198 92.498 3.5010955757e-03 6.8245599426e-03 1.1992977878e+00 8.2827121471e-02
1199 92.575 3.4551363159e-03 6.4227478532e-03 1.1900982537e+00 8.1712332293e-02
1200 92.653 3.6312601059e-03 6.1990599281e-03 1.1819539037e+00 8.0643504544e-02
1201 92.730 3.7510687883e-03 6.0445364047e-03 1.1775681487e+00 7.9602188364e-02
1202 92.807 3.8212127348e-03 5.9778682104e-03 1.1749492408e+00 7.8549418919e-02
1203 92.885 3.8496813526e-03 5.9234450266e-03 1.1757800584e+00 7.7509937480e-02
1204 92.962 3.8447811683e-03 5.8041064182e-03 1.1809636693e+00 7.7152615303e-02
1205 93.039 3.8698078877e-03 5.6910787052e-03 1.1853666740e+00 7.8066889554e-02
1206 93.117 3.9282577656e-03 5.8760775544e-03 1.1889443955e+00 7.8961402741e-02
1207 93.194 3.9613584073e-03 5.9892839403e-03 1.1916759854e+00 7.9835500968e-02
1208 93.271 3.9728025265e-03 6.0468537755e-03 1.1935638497e+00 8.0688561138e-02
1209 93.349 3.9664257912e-03 6.0625443257e-03 1.1946292591e+00 8.1608054620e-02
1210 93.426 3.9458894449e-03 6.3197951931e-03 1.1949069046e+00 8.2536076699e-02
1211 93.503 3.9144862802e-03 6.5735130620e-03 1.1944397664e+00 8.3442937188e-02
1212 93.581 3.8750416318e-03 6.7864775832e-03 1.1932748699e+00 8.4327998461e-02
1213 93.658 3.8298829857e-03 6.9638531212e-03 1.1914600745e+00 8.5190651437e-02
1214 93.735 3.7808556821e-03 7.1104454832e-03 1.1890418286e+00 8.6111591222e-02
1215 93.813 3.7293667508e-03 7.2306079407e-03 1.1860637337e+00 8.7051111690e-02
1216 93.890 3.6764433786e-03 7.3282028144e-03 1.1825657418e+00 8.7968076983e-02
1217 93.968 3.6227964354e-03 7.4066008478e-03 1.1785838160e+00 8.8861859094e-02
1218 94.045 3.5688827079e-03 7.4687047646e-03 1.1741499147e+00 8.9739967821e-02
1219 94.122 3.5306265732e-03 7.5169869802e-03 1.1698955316e+00 9.0684158304e-02
1220 94.200 3.5132454265e-03 7.5535343340e-03 1.1689537017e+00 9.1633174704e-02
1221 94.277 3.5076763946e-03 7.5800949689e-03 1.1677106922e+00 9.2558225777e-02
1222 94.354 3.5123411794e-03 7.5981241867e-03 1.1661684923e+00 9.3477945414e-02
1223 94.432 3.5140304172e-03 7.6088273522e-03 1.1643277220e+00 9.4387575089e-02
1224 94.509 3.5127804105e-03 7.6131988004e-03 1.1635721135e+00 9.5302673674e-02
1225 94.586 3.5086277187e-03 7.6120563069e-03 1.1628798455e+00 9.6269053730e-02
1226 94.664 3.5016089728e-03 7.6060710804e-03 1.1618732399e+00 9.7234920265e-02
1227 94.741 3.4917609370e-03 7.5957934805e-03 1.1605508635e+00 9.8175685164e-02
1228 94.818 3.4791207407e-03 7.5816748100e-03 1.1589117161e+00 9.9090706741e-02
1229 94.896 3.4637262158e-03 7.5640855962e-03 1.1576236195e+00 1.0000906853e-01
1230 94.973 3.4456162839e-03 7.5433307963e-03 1.1571110047e+00 1.0100677772e-01
1231 95.050 3.4248313488e-03 7.5196623519e-03 1.1562641705e+00 1.0197849920e-01
1232 95.128 3.4014136647e-03 7.4932894884e-03 1.1550837856e+00 1.0292356184e-01
1233 95.205 3.3754076568e-03 7.4643871162e-03 1.1538130406e+00 1.0385702102e-01
1234 95.282 3.3468601813e-03 7.4331026494e-03 1.1550348134e+00 1.0479092191e-01
1235 95.360 3.3552718866e-03 7.3995615154e-03 1.1559124608e+00 1.0579343510e-01
1236 95.437 3.3644522942e-03 7.3638715885e-03 1.1564456187e+00 1.0677953533e-01
1237 95.514 3.3720721803e-03 7.3261267452e-03 1.1584222704e+00 1.0776402549e-01
1238 95.592 3.3781227179e-03 7.2864097063e-03 1.1612553508e+00 1.0872020674e-01
1239 95.669 3.3825979687e-03 7.2447943016e-03 1.1637102973e+00 1.0964738589e-01
1240 95.746 3.3854946165e-03 7.2013472710e-03 1.1657884778e+00 1.1065853727e-01
1241 95.824 3.3868117496e-03 7.1561296936e-03 1.1674914611e+00 1.1167275229e-01
1242 95.901 3.3865506829e-03 7.1091981204e-03 1.1688210228e+00 1.1265769173e-01
1243 95.978 3.3847148146e-03 7.0606054702e-03 1.1697791488e+00 1.1362942785e-01
1244 96.056 3.1843368573e-03 6.7724797530e-03 1.1645456835e+00 1.1457097536e-01
1245 96.133 3.1730696778e-03 6.6893480951e-03 1.1613605217e+00 1.1556859000e-01
1246 96.210 3.1318846993e-03 6.6584012420e-03 1.1572127598e+00 1.1656214889e-01
1247 96.288 3.1842337828e-03 6.6632945420e-03 1.1523880645e+00 1.1755424322e-01
1248 96.365 3.2194419788e-03 6.6132134812e-03 1.1485472305e+00 1.1852440839e-01
1249 96.442 3.2558657578e-03 6.6910972311e-03 1.1461064618e+00 1.1948138654e-01
1250 96.520 3.2975846349e-03 6.8951334399e-03 1.1428922195e+00 1.2045170914e-01
1251 96.597 3.3216145984e-03 7.0774407721e-03 1.1390002722e+00 1.2148196923e-01
1252 96.674 3.3304739717e-03 7.2364873138e-03 1.1355110514e+00 1.2248701737e-01
1253 96.752 3.3268419768e-03 7.3718118993e-03 1.1334337843e+00 1.2349533307e-01
1254 96.829 3.3132371426e-03 7.4838662471e-03 1.1307043804e+00 1.2448794232e-01
1255 96.906 3.2918544116e-03 7.5737876248e-03 1.1273943170e+00 1.2547347911e-01
1256 96.984 3.2645050807e-03 7.6431701583e-03 1.1241433628e+00 1.2645959685e-01
1257 97.061 3.2326190311e-03 7.6938664865e-03 1.1223724407e+00 1.2749709883e-01
1258 97.138 3.2152129765e-03 7.7278308727e-03 1.1200466434e+00 1.2853728963e-01
1259 97.216 3.2186146219e-03 7.7470039733e-03 1.1172233778e+00 1.2955039238e-01
1260 97.293 3.2184624978e-03 7.7532342983e-03 1.1141037579e+00 1.3052846279e-01
1261 97.370 3.2156968893e-03 7.7482295130e-03 1.1126242652e+00 1.3151585288e-01
1262 97.448 3.2110103471e-03 7.7335306091e-03 1.1106622789e+00 1.3258263869e-01
1263 97.525 3.2048949402e-03 7.7105027008e-03 1.1082640357e+00 1.3362296368e-01
1264 97.602 3.1976851596e-03 7.6803372629e-03 1.1057940028e+00 1.3462709106e-01
1265 97.680 3.1895950321e-03 7.6440617341e-03 1.1046000265e+00 1.3561645094e-01
1266 97.757 3.1807490745e-03 7.6025534127e-03 1.1032660271e+00 1.3662833200e-01
1267 97.834 3.1712073554e-03 7.5565554277e-03 1.1015332020e+00 1.3769560990e-01
1268 97.912 3.1624257523e-03 7.5066932482e-03 1.1003206883e+00 1.3872553878e-01
1269 97.989 3.1573555465e-03 7.4534907234e-03 1.0994993989e+00 1.3973275803e-01
1270 98.067 3.1516263545e-03 7.3973850363e-03 1.0983044967e+00 1.4072470383e-01
1271 98.144 3.1451942449e-03 7.3387402381e-03 1.0970272490e+00 1.4177258640e-01
1272 98.221 3.1380079879e-03 7.2778592262e-03 1.0964738750e+00 1.4282814606e-01
1273 98.299 3.1355163363e-03 7.2149941571e-03 1.0955548890e+00 1.4384442695e-01
1274 98.376 3.1334063386e-03 7.1503553721e-03 1.0942673830e+00 1.4484945026e-01
1275 98.453 3.1303557364e-03 7.0841189553e-03 1.0931997744e+00 1.4584355177e-01
1276 98.531 3.1263171799e-03 7.0164330710e-03 1.0925690721e+00 1.4692455583e-01
1277 98.608 3.1242478565e-03 6.9474232312e-03 1.0915777654e+00 1.4796516135e-01
1278 98.685 3.1248862743e-03 6.8771966419e-03 1.0902259644e+00 1.4899024844e-01
1279 98.763 3.1243913806e-03 6.8058457655e-03 1.0893611408e+00 1.4998746943e-01
1280 98.840 3.1227345340e-03 6.7334512247e-03 1.0886735320e+00 1.5103417568e-01
1281 98.917 3.1249858587e-03 6.6600841574e-03 1.0876324380e+00 1.5209915322e-01
1282 98.995 3.1313216774e-03 6.5858081183e-03 1.0862400591e+00 1.5312186573e-01
1283 99.072 3.1362042269e-03 6.5106806080e-03 1.0855667199e+00 1.5412980018e-01
1284 99.149 3.1396470855e-03 6.4347542996e-03 1.0848404537e+00 1.5512636016e-01
1285 99.227 3.1416630212e-03 6.3580780188e-03 1.0837686900e+00 1.5621561732e-01
1286 99.304 3.1422643803e-03 6.2806975261e-03 1.0826010972e+00 1.5726154348e-01
1287 99.381 3.1414633969e-03 6.2026561388e-03 1.0820142329e+00 1.5828646468e-01
1288 99.459 3.1392724381e-03 6.2055637477e-03 1.0811026083e+00 1.5928487091e-01
1289 99.536 3.1357041994e-03 6.2553076675e-03 1.0800159280e+00 1.6034675606e-01
1290 99.613 3.1307718588e-03 6.3017364691e-03 1.0795633187e+00 1.6141613661e-01
1291 99.691 3.1244891986e-03 6.3448066843e-03 1.0789337348e+00 1.6244041832e-01
1292 99.768 3.1168707017e-03 6.3844812613e-03 1.0779737411e+00 1.6344841708e-01
1293 99.845 3.1610361082e-03 6.3375513223e-03 1.0767287175e+00 1.6442828697e-01
1294 99.923 3.1341804362e-03 6.3241950776e-03 1.0762192021e+00 1.6548794854e-01
1295 100.000 3.0554564446e-03 6.2881785953e-03 1.0753973275e+00 1.6650255128e-01
1296 100.077 2.9986841502e-03 6.2362105422e-03 1.0742647220e+00 1.6748000623e-01
1297 100.155 3.0086786686e-03 6.1724757539e-03 1.0730127496e+00 1.6844428348e-01
1298 100.232 2.9820401577e-03 6.1560317587e-03 1.0724894322e+00 1.6949752737e-01
1299 100.309 3.0230475852e-03 6.1254969844e-03 1.0716567725e+00 1.7053513241e-01
1300 100.387 3.0570391923e-03 6.0829512630e-03 1.0705170803e+00 1.7152618848e-01
1301 100.464 3.0728405564e-03 6.0306096982e-03 1.0692609803e+00 1.7247961856e-01
1302 100.541 3.0743500975e-03 6.0206720730e-03 1.0687311487e+00 1.7347916492e-01
1303 100.619 3.0650543599e-03 6.0037795593e-03 1.0678955300e+00 1.7453998111e-01
1304 100.696 3.0551500337e-03 5.9661841511e-03 1.0667569469e+00 1.7555339548e-01
1305 100.773 3.0760724684e-03 5.9577167327e-03 1.0657372164e+00 1.7651886398e-01
1306 100.851 3.0862420018e-03 5.9414825655e-03 1.0649841289e+00 1.7746999536e-01
1307 100.928 3.0875501440e-03 5.9266048572e-03 1.0641415542e+00 1.7854873195e-01
1308 101.005 3.0817465466e-03 5.9285173872e-03 1.0630114721e+00 1.7958500362e-01
1309 101.083 3.0703837837e-03 5.9225683607e-03 1.0623019066e+00 1.8057250852e-01
1310 101.160 3.0547929677e-03 5.9094410134e-03 1.0615430433e+00 1.8151075095e-01
1311 101.237 3.0360811025e-03 5.8898038176e-03 1.0604862976e+00 1.8253318179e-01
1312 101.315 3.0151427422e-03 5.8642909257e-03 1.0593485747e+00 1.8359270574e-01
1313 101.392 2.9926801901e-03 5.8343382535e-03 1.0588858558e+00 1.8460267681e-01
1314 101.469 2.9692279727e-03 5.8212215121e-03 1.0581255885e+00 1.8556259918e-01
1315 101.547 2.9684799128e-03 5.8781063357e-03 1.0570699681e+00 1.8651832473e-01
1316 101.624 2.9685562868e-03 5.9296613423e-03 1.0559588406e+00 1.8760169478e-01
1317 101.701 2.9674111656e-03 5.9760233362e-03 1.0554967560e+00 1.8863475125e-01
1318 101.779 2.9683450489e-03 6.0173475518e-03 1.0547396152e+00 1.8961699638e-01
1319 101.856 2.9685464193e-03 6.0537995338e-03 1.0536898643e+00 1.9055865469e-01
1320 101.933 2.9688867309e-03 6.0855488229e-03 1.0526497999e+00 1.9159570026e-01
1321 102.011 2.9680050718e-03 6.1127642447e-03 1.0521523353e+00 1.9265241615e-01
1322 102.088 2.9691844524e-03 6.1356105635e-03 1.0514028687e+00 1.9365758319e-01
1323 102.165 2.9692704098e-03 6.1542462659e-03 1.0503636518e+00 1.9461074561e-01
1324 102.243 2.9699092269e-03 6.1785333626e-03 1.0495311822e+00 1.9559380292e-01
1325 102.320 2.9692157728e-03 6.2064529210e-03 1.0488686891e+00 1.9667489539e-01
1326 102.398 2.9706794416e-03 6.2301052660e-03 1.0481313622e+00 1.9770371849e-01
1327 102.475 2.9706053812e-03 6.2496170375e-03 1.0471071808e+00 1.9867981021e-01
1328 102.552 2.9715775100e-03 6.2651123696e-03 1.0464767109e+00 1.9963548862e-01
1329 102.630 2.9709856951e-03 6.2767118658e-03 1.0457865649e+00 2.0068869255e-01
1330 102.707 2.9727719782e-03 6.2845320037e-03 1.0449362692e+00 2.0174186408e-01
1331 102.784 2.9725170467e-03 6.2886848756e-03 1.0439314081e+00 2.0274159310e-01
1332 102.862 2.9738572254e-03 6.2892781828e-03 1.0434927789e+00 2.0371379000e-01
1333 102.939 2.9732590706e-03 6.2864154138e-03 1.0428121921e+00 2.0471918139e-01
1334 103.016 2.9754056010e-03 6.2801961473e-03 1.0418478141e+00 2.0579754999e-01
1335 103.094 2.9752834109e-03 6.2707164325e-03 1.0409742363e+00 2.0682177113e-01
1336 103.171 2.9766770068e-03 6.2580692107e-03 1.0405907053e+00 2.0779607081e-01
1337 103.248 2.9761474763e-03 6.2423447479e-03 1.0399231475e+00 2.0877094256e-01
1338 103.326 2.9785322613e-03 6.2236310580e-03 1.0389738410e+00 2.0983678808e-01
1339 103.403 2.9788242551e-03 6.2020143018e-03 1.0381477204e+00 2.1088620276e-01
1340 103.480 2.9799717308e-03 6.1775791509e-03 1.0377788052e+00 2.1188416074e-01
1341 103.558 2.9798955511e-03 6.1504091116e-03 1.0371278581e+00 2.1288450714e-01
1342 103.635 2.9820915660e-03 6.1205868047e-03 1.0361972478e+00 2.1389161748e-01
1343 103.712 2.9828335641e-03 6.0881942012e-03 1.0354354869e+00 2.1496709834e-01
1344 103.790 2.9836951463e-03 6.0533128151e-03 1.0350611727e+00 2.1598658322e-01
1345 103.867 2.9841054888e-03 6.0160238549e-03 1.0344304809e+00 2.1700315949e-01
1346 103.944 2.9838352825e-03 5.9553656358e-03 1.0333808176e+00 2.1793195422e-01
1347 104.022 2.9828554068e-03 5.8995784091e-03 1.0325901995e+00 2.1895157774e-01
1348 104.099 2.9812557076e-03 5.8502739340e-03 1.0319293225e+00 2.1995533723e-01
1349 104.176 2.9799214760e-03 5.8042895256e-03 1.0311801459e+00 2.2093679781e-01
1350 104.254 2.9796090346e-03 5.7514550116e-03 1.0301706278e+00 2.2189237687e-01
1351 104.331 2.9790948740e-03 5.7146602450e-03 1.0294324915e+00 2.2285066222e-01
1352 104.408 2.9772737623e-03 5.6690249249e-03 1.0287305304e+00 2.2388195029e-01
1353 104.486 2.9764292805e-03 5.6274175279e-03 1.0279207784e+00 2.2486787901e-01
1354 104.563 2.9760267136e-03 5.5920925188e-03 1.0269542251e+00 2.2585076698e-01
1355 104.640 2.9759986078e-03 5.5494721771e-03 1.0262680787e+00 2.2677750804e-01
1356 104.718 2.9739842825e-03 5.5146786952e-03 1.0256014196e+00 2.2778588253e-01
1357 104.795 2.9736493088e-03 5.4820864394e-03 1.0246761650e+00 2.2878855819e-01
1358 104.872 2.9730985159e-03 5.4432905529e-03 1.0237448002e+00 2.2978409103e-01
1359 104.950 2.9735782701e-03 5.4126977932e-03 1.0231079656e+00 2.3073781299e-01
1360 105.027 2.9718525698e-03 5.3833485694e-03 1.0224791157e+00 2.3168799939e-01
1361 105.104 2.9715798664e-03 5.3485932659e-03 1.0215932535e+00 2.3271873196e-01
1362 105.182 2.9708434388e-03 5.3205134842e-03 1.0205552177e+00 2.3371805475e-01
1363 105.259 2.9718542147e-03 5.2945957597e-03 1.0199608378e+00 2.3469926677e-01
1364 105.336 2.9706779237e-03 5.2638719989e-03 1.0193722988e+00 2.3562248606e-01
1365 105.414 2.9701934833e-03 5.2370818554e-03 1.0185283493e+00 2.3663115879e-01
1366 105.491 2.9699421270e-03 5.2146360465e-03 1.0174314501e+00 2.3763206856e-01
1367 105.568 2.9707825937e-03 5.1878459421e-03 1.0168403377e+00 2.3863543168e-01
1368 105.646 2.9701796458e-03 5.1684024992e-03 1.0162945787e+00 2.3958576850e-01
1369 105.723 2.9694755595e-03 5.1585585755e-03 1.0154950069e+00 2.4053151115e-01
1370 105.800 2.9697956815e-03 5.1553820644e-03 1.0144440894e+00 2.4156088518e-01
1371 105.878 2.9703570598e-03 5.1507941548e-03 1.0138481378e+00 2.4257578456e-01
1372 105.955 2.9703523814e-03 5.1433380856e-03 1.0132540847e+00 2.4355376372e-01
1373 106.032 2.9693724730e-03 5.1351934327e-03 1.0125012907e+00 2.4447182877e-01
1374 106.110 2.9702675406e-03 5.1330985563e-03 1.0114987191e+00 2.4548563093e-01
1375 106.187 2.9705247209e-03 5.1281513175e-03 1.0109625658e+00 2.4648383049e-01
1376 106.264 2.9711440312e-03 5.1203574966e-03 1.0102617576e+00 2.4748813388e-01
1377 106.342 2.9698220027e-03 5.1148138361e-03 1.0095580663e+00 2.4843343318e-01
1378 106.419 2.9713002717e-03 5.1124972051e-03 1.0086061149e+00 2.4939654900e-01
1379 106.497 2.9712005518e-03 5.1073463740e-03 1.0081248346e+00 2.5042361349e-01
1380 106.574 2.9724700304e-03 5.0993714139e-03 1.0074519312e+00 2.5143591423e-01
1381 106.651 2.9716109886e-03 5.0958495979e-03 1.0066768882e+00 2.5240904410e-01
1382 106.729 2.9728415640e-03 5.0934611799e-03 1.0057777424e+00 2.5332028275e-01
1383 106.806 2.9729314649e-03 5.0882585446e-03 1.0053448798e+00 2.5436682091e-01
1384 106.883 2.9742578005e-03 5.0802550286e-03 1.0047192684e+00 2.5536396114e-01
1385 106.961 2.9740914905e-03 5.0781655125e-03 1.0038659365e+00 2.5636542329e-01
1386 107.038 2.9747992755e-03 5.0758518422e-03 1.0030217031e+00 2.5730417921e-01
1387 107.115 2.9755842843e-03 5.0707455830e-03 1.0026325199e+00 2.5830278449e-01
1388 107.193 2.9764377176e-03 5.0628624437e-03 1.0020565613e+00 2.5932656676e-01
1389 107.270 2.9769906479e-03 5.0615994021e-03 1.0012346050e+00 2.6032678776e-01
1390 107.347 2.9771199547e-03 5.0595035012e-03 1.0003453691e+00 2.6129369676e-01
1391 107.425 2.9786268889e-03 5.0546381586e-03 9.9999017002e-01 2.6223248671e-01
1392 107.502 2.9789158264e-03 5.0470206775e-03 9.9946623845e-01 2.6328622006e-01
1393 107.579 2.9802142767e-03 5.0459767326e-03 9.9869756175e-01 2.6427592322e-01
1394 107.657 2.9797157226e-03 5.0442377330e-03 9.9787362421e-01 2.6526641999e-01
1395 107.734 2.9819709914e-03 5.0397538579e-03 9.9742461591e-01 2.6619735339e-01
1396 107.811 2.9821589048e-03 5.0325433294e-03 9.9695509161e-01 2.6723249812e-01
1397 107.889 2.9836660010e-03 5.0311077433e-03 9.9624203128e-01 2.6825200620e-01
1398 107.966 2.9836580434e-03 5.0298603361e-03 9.9547518235e-01 2.6924139765e-01
1399 108.043 2.9854880235e-03 5.0258939602e-03 9.9503486371e-01 2.7020098619e-01
1400 108.121 2.9864661845e-03 5.0192271702e-03 9.9453020080e-01 2.7118187906e-01
1401 108.198 2.9872548401e-03 5.0167971177e-03 9.9387508958e-01 2.7223192495e-01
1402 108.275 2.9880593541e-03 5.0161707696e-03 9.9315765929e-01 2.7321596789e-01
1403 108.353 2.9869813379e-03 5.0090411083e-03 9.9262157123e-01 2.7413048947e-01
1404 108.430 2.9866123182e-03 4.9992147746e-03 9.9187421708e-01 2.7501485012e-01
1405 108.507 2.9844980478e-03 4.9918810400e-03 9.9114013862e-01 2.7603620238e-01
1406 108.585 2.9839253529e-03 4.9882436449e-03 9.9023687825e-01 2.7699858626e-01
1407 108.662 2.9823791204e-03 4.9819109475e-03 9.8976822818e-01 2.7789608688e-01
1408 108.739 2.9827992382e-03 4.9729118792e-03 9.8907142427e-01 2.7879088017e-01
1409 108.817 2.9811507452e-03 4.9644428065e-03 9.8824207591e-01 2.7976415737e-01
1410 108.894 2.9801931363e-03 4.9616608255e-03 9.8735661919e-01 2.8075434549e-01
1411 108.971 2.9794018532e-03 4.9562150886e-03 9.8688580007e-01 2.8168302766e-01
1412 109.049 2.9793933615e-03 4.9481331686e-03 9.8625906725e-01 2.8254579582e-01
1413 109.126 2.9785641415e-03 4.9382432099e-03 9.8540719594e-01 2.8350903131e-01
1414 109.203 2.9768840452e-03 4.9364020224e-03 9.8451823206e-01 2.8448005656e-01
1415 109.281 2.9771168059e-03 4.9319288502e-03 9.8398493741e-01 2.8544049807e-01
1416 109.358 2.9764177185e-03 4.9248496379e-03 9.8342992137e-01 2.8633428433e-01
1417 109.435 2.9764216475e-03 4.9151944935e-03 9.8265063893e-01 2.8723686774e-01
1418 109.513 2.9743836017e-03 4.9124241414e-03 9.8169448057e-01 2.8822612483e-01
1419 109.590 2.9752523424e-03 4.9090048830e-03 9.8118086379e-01 2.8917140286e-01
1420 109.667 2.9743039468e-03 4.9030096982e-03 9.8059276537e-01 2.9009684630e-01
1421 109.745 2.9746941236e-03 4.8944667321e-03 9.7988762825e-01 2.9095462652e-01
1422 109.822 2.9735216830e-03 4.8896502940e-03 9.7896119508e-01 2.9194965550e-01
1423 109.899 2.9737865991e-03 4.8873619994e-03 9.7845749146e-01 2.9290442087e-01
1424 109.977 2.9737014610e-03 4.8825279002e-03 9.7779103622e-01 2.9381528843e-01
1425 110.054 2.9733305489e-03 4.8751740018e-03 9.7712678510e-01 2.9470462691e-01
1426 110.131 2.9730409158e-03 4.8679772011e-03 9.7627676360e-01 2.9565830061e-01
1427 110.209 2.9726644733e-03 4.8668924501e-03 9.7573721918e-01 2.9664632611e-01
1428 110.286 2.9734603584e-03 4.8632920835e-03 9.7514388170e-01 2.9756556951e-01
1429 110.363 2.9722748692e-03 4.8571998187e-03 9.7438020228e-01 2.9844939144e-01
1430 110.441 2.9728863099e-03 4.8520937813e-03 9.7360800216e-01 2.9937705806e-01
1431 110.518 2.9721250582e-03 4.8474515373e-03 9.7302926623e-01 3.0036107849e-01
1432 110.596 2.9735144803e-03 4.8451529546e-03 9.7251067242e-01 3.0131357610e-01
1433 110.673 2.9732360817e-03 4.8417478017e-03 9.7177207257e-01 3.0219630204e-01
1434 110.750 2.9730076553e-03 4.8381429899e-03 9.7096503456e-01 3.0309396781e-01
1435 110.828 2.9732569787e-03 4.8320826418e-03 9.7034827306e-01 3.0407755362e-01
1436 110.905 2.9738255309e-03 4.8279379172e-03 9.6990262761e-01 3.0504940006e-01
1437 110.982 2.9744830606e-03 4.8268859434e-03 9.6924111300e-01 3.0596547931e-01
1438 111.060 2.9733118670e-03 4.8245992443e-03 9.6836228372e-01 3.0681082296e-01
1439 111.137 2.9746213362e-03 4.8198786670e-03 9.6786880423e-01 3.0782448256e-01
1440 111.214 2.9744848350e-03 4.8127461349e-03 9.6732106264e-01 3.0877224062e-01
1441 111.292 2.9759102550e-03 4.8122432571e-03 9.6673822185e-01 3.0970744585e-01
1442 111.369 2.9755711072e-03 4.8113267603e-03 9.6593871600e-01 3.1058626050e-01
1443 111.446 2.9761287269e-03 4.8079993837e-03 9.6541901585e-01 3.1153809344e-01
1444 111.524 2.9769622486e-03 4.8022807532e-03 9.6487455234e-01 3.1252096379e-01
1445 111.601 2.9774191302e-03 4.7976647332e-03 9.6427255402e-01 3.1343200539e-01
1446 111.678 2.9780727324e-03 4.7981700192e-03 9.6355392761e-01 3.1433751441e-01
1447 111.756 2.9776791183e-03 4.7962888205e-03 9.6300607933e-01 3.1525132108e-01
1448 111.833 2.9795030237e-03 4.7920383988e-03 9.6254008488e-01 3.1626442958e-01
1449 111.910 2.9794057508e-03 4.7854394408e-03 9.6185799021e-01 3.1721081922e-01
1450 111.988 2.9805763477e-03 4.7849448809e-03 9.6121687799e-01 3.1808442830e-01
1451 112.065 2.9803109861e-03 4.7845611944e-03 9.6063483110e-01 3.1901402902e-01
1452 112.142 2.9819920672e-03 4.7818317160e-03 9.6024907923e-01 3.1999418990e-01
1453 112.220 2.9829217893e-03 4.7767746657e-03 9.5964782654e-01 3.2096601638e-01
1454 112.297 2.9829706525e-03 4.7714543863e-03 9.5893260757e-01 3.2187521963e-01
1455 112.374 2.9837552142e-03 4.7726168103e-03 9.5841128086e-01 3.2275185020e-01
1456 112.452 2.9843480449e-03 4.7714583478e-03 9.5800945704e-01 3.2376931148e-01
1457 112.529 2.9863247667e-03 4.7679946978e-03 9.5749082862e-01 3.2471743253e-01
1458 112.606 2.9864001837e-03 4.7622448095e-03 9.5675903737e-01 3.2566326772e-01
1459 112.684 2.9870011166e-03 4.7602360367e-03 9.5630930314e-01 3.2653473587e-01
1460 112.761 2.9882858796e-03 4.7606950704e-03 9.5583173528e-01 3.2753010672e-01
1461 112.838 2.9894975863e-03 4.7588728139e-03 9.5538422648e-01 3.2851136137e-01
1462 112.916 2.9906561419e-03 4.7547856136e-03 9.5473737200e-01 3.2942551802e-01
1463 112.993 2.9899756096e-03 4.7484529415e-03 9.5425373512e-01 3.3033399307e-01
1464 113.070 2.9903165093e-03 4.7460229109e-03 9.5371636601e-01 3.3121844154e-01
1465 113.148 2.9887475129e-03 4.7425501635e-03 9.5302874120e-01 3.3216482199e-01
1466 113.225 2.9883939664e-03 4.7367983189e-03 9.5233517004e-01 3.3304844519e-01
1467 113.302 2.9866284501e-03 4.7287940533e-03 9.5159309940e-01 3.3386100573e-01
1468 113.380 2.9860678385e-03 4.7213246126e-03 9.5114917184e-01 3.3475659344e-01
1469 113.457 2.9855717669e-03 4.7195880379e-03 9.5050493838e-01 3.3567874250e-01
1470 113.534 2.9840625731e-03 4.7155973234e-03 9.4974208122e-01 3.3657452866e-01
1471 113.612 2.9833878097e-03 4.7093759938e-03 9.4903101851e-01 3.3742467822e-01
1472 113.689 2.9818631731e-03 4.7009506368e-03 9.4852320103e-01 3.3824241798e-01
1473 113.766 2.9824457807e-03 4.6968190052e-03 9.4797399490e-01 3.3920541478e-01
1474 113.844 2.9811462965e-03 4.6946029223e-03 9.4722657440e-01 3.4009451565e-01
1475 113.921 2.9801908791e-03 4.6901793271e-03 9.4648237911e-01 3.4094538912e-01
1476 113.998 2.9797493348e-03 4.6835716931e-03 9.4598687655e-01 3.4176157842e-01
1477 114.076 2.9793713580e-03 4.6748064326e-03 9.4539556376e-01 3.4269513553e-01
1478 114.153 2.9791761451e-03 4.6737533191e-03 9.4474465806e-01 3.4362533873e-01
1479 114.230 2.9771078077e-03 4.6711418035e-03 9.4389758904e-01 3.4448088548e-01
1480 114.308 2.9778438711e-03 4.6663676318e-03 9.4348453061e-01 3.4528976019e-01
1481 114.385 2.9770992041e-03 4.6594541142e-03 9.4288578350e-01 3.4621540023e-01
1482 114.462 2.9772497683e-03 4.6529544511e-03 9.4221937806e-01 3.4711106054e-01
1483 114.540 2.9763125207e-03 4.6521685027e-03 9.4147019885e-01 3.4799613628e-01
1484 114.617 2.9759580473e-03 4.6492427509e-03 9.4094141522e-01 3.4881765624e-01
1485 114.695 2.9763340789e-03 4.6441974256e-03 9.4043889778e-01 3.4969469987e-01
1486 114.772 2.9753004155e-03 4.6370555722e-03 9.3974045759e-01 3.5063257476e-01
1487 114.849 2.9755056034e-03 4.6331220607e-03 9.3900932489e-01 3.5149465632e-01
1488 114.927 2.9744720101e-03 4.6320584771e-03 9.3846117257e-01 3.5235074114e-01
1489 115.004 2.9755444361e-03 4.6288966813e-03 9.3796127338e-01 3.5319454813e-01
1490 115.081 2.9752312386e-03 4.6236566516e-03 9.3736056650e-01 3.5413659723e-01
1491 115.159 2.9746370133e-03 4.6178737797e-03 9.3656586975e-01 3.5504128992e-01
1492 115.236 2.9747844443e-03 4.6146433992e-03 9.3607916277e-01 3.5586946371e-01
1493 115.313 2.9746663950e-03 4.6133787549e-03 9.3553319710e-01 3.5670259108e-01
1494 115.391 2.9755156784e-03 4.6100558912e-03 9.3496164756e-01 3.5764957310e-01
1495 115.468 2.9745503540e-03 4.6051574989e-03 9.3426610093e-01 3.5853893698e-01
1496 115.545 2.9750063071e-03 4.6002058550e-03 9.3367633263e-01 3.5941009444e-01
1497 115.623 2.9754078372e-03 4.5974369055e-03 9.3322807601e-01 3.6020404057e-01
1498 115.700 2.9756565563e-03 4.5960444200e-03 9.3258611936e-01 3.6115875657e-01
1499 115.777 2.9758845747e-03 4.5926321803e-03 9.3195481940e-01 3.6207271294e-01
1500 115.855 2.9750373475e-03 4.5889275514e-03 9.3132135705e-01 3.6293117225e-01
1501 115.932 2.9766222874e-03 4.5838820226e-03 9.3091165187e-01 3.6376860015e-01
1502 116.009 2.9764249812e-03 4.5813871374e-03 9.3036896618e-01 3.6464796910e-01
1503 116.087 2.9770019678e-03 4.5799364465e-03 9.2963742237e-01 3.6560267000e-01
1504 116.164 2.9766774109e-03 4.5769735570e-03 9.2910802173e-01 3.6648336957e-01
1505 116.241 2.9775717907e-03 4.5738925667e-03 9.2862261153e-01 3.6728607490e-01
1506 116.319 2.9785894391e-03 4.5688262727e-03 9.2814789571e-01 3.6818424688e-01
1507 116.396 2.9778308106e-03 4.5663377749e-03 9.2751408985e-01 3.6910918777e-01
1508 116.473 2.9786663752e-03 4.5648947562e-03 9.2689136269e-01 3.7001518054e-01
1509 116.551 2.9792581996e-03 4.5630081194e-03 9.2650554395e-01 3.7086243183e-01
1510 116.628 2.9803932413e-03 4.5599412626e-03 9.2592813579e-01 3.7169670606e-01
1511 116.705 2.9808812506e-03 4.5549243124e-03 9.2539552542e-01 3.7266806399e-01
1512 116.783 2.9802481972e-03 4.5521118382e-03 9.2471174876e-01 3.7356013608e-01
1513 116.860 2.9820246262e-03 4.5509693666e-03 9.2439209690e-01 3.7442311615e-01
1514 116.937 2.9821737210e-03 4.5499170727e-03 9.2391594354e-01 3.7523687637e-01
1515 117.015 2.9834737708e-03 4.5469320307e-03 9.2328625034e-01 3.7619112620e-01
1516 117.092 2.9834699725e-03 4.5420310127e-03 9.2270905699e-01 3.7713019601e-01
1517 117.169 2.9843049849e-03 4.5384989370e-03 9.2229280364e-01 3.7798928846e-01
1518 117.247 2.9857217631e-03 4.5384700702e-03 9.2191088062e-01 3.7880977979e-01
1519 117.324 2.9854991589e-03 4.5375297223e-03 9.2134769013e-01 3.7975415138e-01
1520 117.401 2.9867885860e-03 4.5346902875e-03 9.2071046799e-01 3.8067112871e-01
1521 117.479 2.9870969711e-03 4.5299679600e-03 9.2039619309e-01 3.8157787798e-01
1522 117.556 2.9886550773e-03 4.5253106691e-03 9.1991479504e-01 3.8240398466e-01
1523 117.633 2.9896312861e-03 4.5264223214e-03 9.1945602045e-01 3.8331563122e-01
1524 117.711 2.9894226743e-03 4.5256543401e-03 9.1880899841e-01 3.8426985931e-01
1525 117.788 2.9908701316e-03 4.5230200278e-03 9.1850726990e-01 3.8514302034e-01
1526 117.865 2.9915869902e-03 4.5185349401e-03 9.1810715090e-01 3.8601238078e-01
1527 117.943 2.9931416218e-03 4.5133077030e-03 9.1757844188e-01 3.8689689762e-01
1528 118.020 2.9937140366e-03 4.5146150451e-03 9.1703745514e-01 3.8784675163e-01
1529 118.097 2.9938900016e-03 4.5140752980e-03 9.1663010457e-01 3.8876932078e-01
1530 118.175 2.9939258599e-03 4.5088227946e-03 9.1619088810e-01 3.8953988600e-01
1531 118.252 2.9922203009e-03 4.5017285309e-03 9.1557432476e-01 3.9034417156e-01
1532 118.329 2.9917576193e-03 4.4944932032e-03 9.1484034320e-01 3.9124432451e-01
1533 118.407 2.9900262321e-03 4.4919042963e-03 9.1435974876e-01 3.9207268699e-01
1534 118.484 2.9897071065e-03 4.4888170368e-03 9.1381378543e-01 3.9289457678e-01
1535 118.561 2.9893155831e-03 4.4839026305e-03 9.1327806712e-01 3.9364063841e-01
1536 118.639 2.9873204755e-03 4.4776777809e-03 9.1259881439e-01 3.9452638412e-01
1537 118.716 2.9868607059e-03 4.4713061206e-03 9.1198841813e-01 3.9539959553e-01
1538 118.793 2.9862524598e-03 4.4674147376e-03 9.1155475975e-01 3.9619323815e-01
1539 118.871 2.9860018543e-03 4.4646606635e-03 9.1094519122e-01 3.9696616007e-01
1540 118.948 2.9852121129e-03 4.4601153004e-03 9.1031838222e-01 3.9783419205e-01
1541 119.026 2.9832854349e-03 4.4553199289e-03 9.0967158447e-01 3.9867982073e-01
1542 119.103 2.9839895661e-03 4.4493343765e-03 9.0920175203e-01 3.9952369660e-01
1543 119.180 2.9829975295e-03 4.4439192323e-03 9.0870551596e-01 4.0028986378e-01
1544 119.258 2.9827980429e-03 4.4415295876e-03 9.0803472875e-01 4.0111229658e-01
1545 119.335 2.9816407783e-03 4.4379071390e-03 9.0736714516e-01 4.0201137355e-01
1546 119.412 2.9813041951e-03 4.4340978151e-03 9.0694288081e-01 4.0282993049e-01
1547 119.490 2.9816457099e-03 4.4285331276e-03 9.0638032873e-01 4.0360706455e-01
1548 119.567 2.9803004712e-03 4.4212971792e-03 9.0582382604e-01 4.0442119517e-01
1549 119.644 2.9801099692e-03 4.4193016879e-03 9.0509408663e-01 4.0529326107e-01
1550 119.722 2.9799212691e-03 4.4173050020e-03 9.0467053240e-01 4.0613877209e-01
1551 119.799 2.9798292521e-03 4.4139176746e-03 9.0418525658e-01 4.0693026663e-01
1552 119.876 2.9798402151e-03 4.4088073165e-03 9.0353668087e-01 4.0767403723e-01
1553 119.954 2.9781737175e-03 4.4019935586e-03 9.0292210176e-01 4.0860093023e-01
1554 120.031 2.9791164706e-03 4.3988098396e-03 9.0240861070e-01 4.0944637398e-01
1555 120.108 2.9789887819e-03 4.3975859655e-03 9.0195275939e-01 4.1025036043e-01
1556 120.186 2.9788779085e-03 4.3946535894e-03 9.0140879554e-01 4.1101493454e-01
1557 120.263 2.9785915272e-03 4.3900293555e-03 9.0069296106e-01 4.1188710207e-01
1558 120.340 2.9777793400e-03 4.3837317841e-03 9.0023588272e-01 4.1276390350e-01
1559 120.418 2.9790140175e-03 4.3793450750e-03 8.9976542017e-01 4.1358284523e-01
1560 120.495 2.9786033177e-03 4.3785758084e-03 8.9922554755e-01 4.1431978809e-01
1561 120.572 2.9784224798e-03 4.3761292098e-03 8.9862511988e-01 4.1520043642e-01
1562 120.650 2.9785800050e-03 4.3720208671e-03 8.9800006793e-01 4.1607495680e-01
1563 120.727 2.9784180313e-03 4.3667801445e-03 8.9764444713e-01 4.1689364793e-01
1564 120.804 2.9793951570e-03 4.3614683969e-03 8.9711696758e-01 4.1768624127e-01
1565 120.882 2.9787352925e-03 4.3600735796e-03 8.9649877629e-01 4.1849190906e-01
1566 120.959 2.9789036383e-03 4.3581410864e-03 8.9594335639e-01 4.1939535578e-01
1567 121.036 2.9798041645e-03 4.3545760116e-03 8.9549156777e-01 4.2024402244e-01
1568 121.114 2.9795173314e-03 4.3513243986e-03 8.9505640127e-01 4.2101073324e-01
1569 121.191 2.9802714411e-03 4.3465824170e-03 8.9447416570e-01 4.2181533688e-01
1570 121.268 2.9797160711e-03 4.3418371315e-03 8.9383689736e-01 4.2272130827e-01
1571 121.346 2.9808082474e-03 4.3404442544e-03 8.9350040559e-01 4.2356468777e-01
1572 121.423 2.9814996039e-03 4.3388311703e-03 8.9299338576e-01 4.2438772118e-01
1573 121.500 2.9810183872e-03 4.3362937726e-03 8.9248336286e-01 4.2512879042e-01
1574 121.578 2.9815846379e-03 4.3321514159e-03 8.9184854477e-01 4.2604359828e-01
1575 121.655 2.9822015529e-03 4.3264203521e-03 8.9146193720e-01 4.2692447241e-01
1576 121.732 2.9830961371e-03 4.3237284512e-03 8.9107137406e-01 4.2772149896e-01
1577 121.810 2.9836128371e-03 4.3233822095e-03 8.9051142659e-01 4.2851458582e-01
1578 121.887 2.9828825808e-03 4.3214443763e-03 8.8992921996e-01 4.2940421543e-01
1579 121.964 2.9845789632e-03 4.3179284258e-03 8.8955247632e-01 4.3026698908e-01
1580 122.042 2.9850909327e-03 4.3128494915e-03 8.8910688620e-01 4.3112308670e-01
1581 122.119 2.9857297688e-03 4.3075569007e-03 8.8866453527e-01 4.3189484842e-01
1582 122.196 2.9861066973e-03 4.3078067679e-03 8.8805389387e-01 4.3274920693e-01
1583 122.274 2.9860855563e-03 4.3064923918e-03 8.8766338027e-01 4.3366505706e-01
1584 122.351 2.9879580314e-03 4.3036261748e-03 8.8729808349e-01 4.3449615110e-01
1585 122.428 2.9883425661e-03 4.2998124105e-03 8.8678049019e-01 4.3529818205e-01
1586 122.506 2.9886416920e-03 4.2959693043e-03 8.8628856514e-01 4.3614822782e-01
1587 122.583 2.9896345201e-03 4.2918163029e-03 8.8583167955e-01 4.3704004026e-01
1588 122.660 2.9900692691e-03 4.2911454129e-03 8.8548973930e-01 4.3791121575e-01
1589 122.738 2.9916059662e-03 4.2890997731e-03 8.8507473489e-01 4.3871800008e-01
1590 122.815 2.9918974685e-03 4.2874865488e-03 8.8449261895e-01 4.3952870063e-01
1591 122.892 2.9920622302e-03 4.2843457936e-03 8.8409884522e-01 4.4047073468e-01
1592 122.970 2.9939727522e-03 4.2796912450e-03 8.8376323160e-01 4.4149622273e-01
1593 123.047 2.9943259300e-03 4.2750874080e-03 8.8334898484e-01 4.4250352916e-01
1594 123.125 2.9954549026e-03 4.2754970024e-03 8.8288655942e-01 4.4346955106e-01
1595 123.202 2.9957922083e-03 4.2745820222e-03 8.8235547891e-01 4.4460144044e-01
1596 123.279 2.9966401210e-03 4.2721642253e-03 8.8211283756e-01 4.4567716342e-01
1597 123.357 2.9984950920e-03 4.2682562318e-03 8.8172975675e-01 4.4672251440e-01
1598 123.434 2.9988003538e-03 4.2628956870e-03 8.8124593622e-01 4.4770862381e-01
1599 123.511 2.9994226936e-03 4.2609976266e-03 8.8078140627e-01 4.4876435714e-01
1600 123.589 3.0009655111e-03 4.2607973440e-03 8.8048007894e-01 4.4990703759e-01
1601 123.666 2.9994440613e-03 4.2567099721e-03 8.8002410683e-01 4.5088967534e-01
1602 123.743 2.9992885250e-03 4.2511408811e-03 8.7946545046e-01 4.5179976821e-01
1603 123.821 2.9976072106e-03 4.2456181153e-03 8.7875984855e-01 4.5269532901e-01
1604 123.898 2.9968506725e-03 4.2391752042e-03 8.7840092043e-01 4.5350615207e-01
1605 123.975 2.9968302257e-03 4.2344390240e-03 8.7793004700e-01 4.5461403869e-01
1606 124.053 2.9952470149e-03 4.2311617782e-03 8.7736142437e-01 4.5566342952e-01
1607 124.130 2.9947135463e-03 4.2273853477e-03 8.7677350968e-01 4.5662790389e-01
1608 124.207 2.9940324974e-03 4.2232573516e-03 8.7625894302e-01 4.5750771999e-01
1609 124.285 2.9932561957e-03 4.2176763019e-03 8.7583074259e-01 4.5830334907e-01
1610 124.362 2.9931870573e-03 4.2106603272e-03 8.7533018042e-01 4.5901543676e-01
1611 124.439 2.9915665215e-03 4.2060326325e-03 8.7467493583e-01 4.5988459160e-01
1612 124.517 2.9912528327e-03 4.2041839940e-03 8.7416815318e-01 4.6092721027e-01
1613 124.594 2.9913109683e-03 4.2008916636e-03 8.7375673360e-01 4.6188795970e-01
1614 124.671 2.9901396428e-03 4.1961709723e-03 8.7322032159e-01 4.6276689517e-01
1615 124.749 2.9900481015e-03 4.1900386204e-03 8.7269159812e-01 4.6356384933e-01
1616 124.826 2.9891491844e-03 4.1830187948e-03 8.7205875592e-01 4.6433578629e-01
1617 124.903 2.9890697724e-03 4.1808435160e-03 8.7166027646e-01 4.6505544771e-01
1618 124.981 2.9891117666e-03 4.1783848657e-03 8.7122028114e-01 4.6573627017e-01
1619 125.058 2.9876270657e-03 4.1745221494e-03 8.7062646585e-01 4.6674975899e-01
1620 125.135 2.9876593964e-03 4.1692880270e-03 8.7002333289e-01 4.6769711429e-01
1621 125.213 2.9878717869e-03 4.1647094389e-03 8.6963011350e-01 4.6855601927e-01
1622 125.290 2.9873939186e-03 4.1587441543e-03 8.6912676320e-01 4.6932637971e-01
1623 125.367 2.9874476340e-03 4.1555741968e-03 8.6865774023e-01 4.7000824357e-01
1624 125.445 2.9863573771e-03 4.1525658559e-03 8.6803770347e-01 4.7060177842e-01
1625 125.522 2.9868880621e-03 4.1499090419e-03 8.6755486738e-01 4.7116598571e-01
1626 125.599 2.9871189255e-03 4.1462133423e-03 8.6717789677e-01 4.7207625196e-01
1627 125.677 2.9861952647e-03 4.1411525988e-03 8.6664796710e-01 4.7289884163e-01
1628 125.754 2.9862898658e-03 4.1347426096e-03 8.6607939058e-01 4.7363396377e-01
1629 125.831 2.9864880276e-03 4.1315970410e-03 8.6558639102e-01 4.7428185881e-01
1630 125.909 2.9865741792e-03 4.1301406484e-03 8.6514821578e-01 4.7484279419e-01
1631 125.986 2.9868526682e-03 4.1273274538e-03 8.6471243276e-01 4.7531706149e-01
1632 126.063 2.9856379250e-03 4.1231706838e-03 8.6415744862e-01 4.7582815632e-01
1633 126.141 2.9866144713e-03 4.1176847952e-03 8.6355109150e-01 4.7654267747e-01
1634 126.218 2.9871125566e-03 4.1123502968e-03 8.6323966472e-01 4.7724701320e-01
1635 126.295 2.9867205159e-03 4.1097613564e-03 8.6277613166e-01 4.7787382160e-01
1636 126.373 2.9870766908e-03 4.1078282149e-03 8.6224159267e-01 4.7841431907e-01
1637 126.450 2.9870936153e-03 4.1045728513e-03 8.6166441982e-01 4.7886870530e-01
1638 126.527 2.9876179450e-03 4.1011406458e-03 8.6129393575e-01 4.7942988268e-01
1639 126.605 2.9882006185e-03 4.0973229040e-03 8.6089087638e-01 4.8005483494e-01
1640 126.682 2.9873120392e-03 4.0921968530e-03 8.6040354661e-01 4.8066424106e-01
1641 126.759 2.9881611987e-03 4.0874505932e-03 8.5977535080e-01 4.8118725705e-01
1642 126.837 2.9890045652e-03 4.0860033386e-03 8.5944110692e-01 4.8168619187e-01
1643 126.914 2.9889893144e-03 4.0844153667e-03 8.5904659197e-01 4.8228874283e-01
1644 126.991 2.9896872044e-03 4.0815259693e-03 8.5854911179e-01 4.8287968982e-01
1645 127.069 2.9894902980e-03 4.0773474622e-03 8.5803949528e-01 4.8343975025e-01
1646 127.146 2.9903118294e-03 4.0718933011e-03 8.5759313461e-01 4.8394597873e-01
1647 127.224 2.9912772361e-03 4.0673291037e-03 8.5722532914e-01 4.8451300855e-01
1648 127.301 2.9907927430e-03 4.0666457798e-03 8.5680839467e-01 4.8513267455e-01
1649 127.378 2.9915192498e-03 4.0646815811e-03 8.5624195159e-01 4.8570679093e-01
1650 127.456 2.9925559625e-03 4.0614475755e-03 8.5580957030e-01 4.8619586547e-01
1651 127.533 2.9927685957e-03 4.0577162701e-03 8.5548686094e-01 4.8676973264e-01
1652 127.610 2.9938866892e-03 4.0540386423e-03 8.5502462717e-01 4.8741308989e-01
1653 127.688 2.9935644394e-03 4.0491037401e-03 8.5458684446e-01 4.8796921872e-01
1654 127.765 2.9944817857e-03 4.0464819167e-03 8.5407632947e-01 4.8851670687e-01
1655 127.842 2.9959066457e-03 4.0446886900e-03 8.5374156184e-01 4.8906649893e-01
1656 127.920 2.9959025378e-03 4.0432316468e-03 8.5339795024e-01 4.8969284799e-01
1657 127.997 2.9967439752e-03 4.0405235469e-03 8.5290556183e-01 4.9029843231e-01
1658 128.074 2.9975616064e-03 4.0365756617e-03 8.5238906050e-01 4.9083844835e-01
1659 128.152 2.9979070485e-03 4.0314003258e-03 8.5212122500e-01 4.9136130394e-01
1660 128.229 2.9994609800e-03 4.0276937056e-03 8.5172458792e-01 4.9203022508e-01
1661 128.306 2.9996560169e-03 4.0271817766e-03 8.5133283143e-01 4.9264038824e-01
1662 128.384 2.9998198287e-03 4.0254378081e-03 8.5082183631e-01 4.9317439642e-01
1663 128.461 3.0017783888e-03 4.0224718567e-03 8.5045833630e-01 4.9370659923e-01
1664 128.538 3.0023287387e-03 4.0187971491e-03 8.5019014806e-01 4.9438830119e-01
1665 128.616 3.0031531546e-03 4.0155008017e-03 8.4977494205e-01 4.9498195318e-01
1666 128.693 3.0037195411e-03 4.0109934879e-03 8.4929322998e-01 4.9557078244e-01
1667 128.770 3.0046550548e-03 4.0084468242e-03 8.4896349520e-01 4.9607807480e-01
1668 128.848 3.0061081633e-03 4.0066392375e-03 8.4864561046e-01 4.9674085354e-01
1669 128.925 3.0068935579e-03 4.0055516890e-03 8.4828578022e-01 4.9739566758e-01
1670 129.002 3.0068726893e-03 4.0032593740e-03 8.4785368477e-01 4.9797409067e-01
1671 129.080 3.0086493367e-03 3.9997724128e-03 8.4743346175e-01 4.9849832790e-01
1672 129.157 3.0098251577e-03 3.9951019225e-03 8.4719433731e-01 4.9916317607e-01
1673 129.234 3.0104468522e-03 3.9902843345e-03 8.4685969192e-01 4.9981409783e-01
1674 129.312 3.0114972919e-03 3.9901737180e-03 8.4641199962e-01 5.0039942631e-01
1675 129.389 3.0123689515e-03 3.9888763407e-03 8.4601821102e-01 5.0096365811e-01
1676 129.466 3.0134942703e-03 3.9864011428e-03 8.4578254890e-01 5.0159049440e-01
1677 129.544 3.0149397567e-03 3.9830374229e-03 8.4545387513e-01 5.0223994955e-01
1678 129.621 3.0131194733e-03 3.9782314182e-03 8.4497231061e-01 5.0279503479e-01
1679 129.698 3.0123227434e-03 3.9722458626e-03 8.4435321243e-01 5.0326524346e-01
1680 129.776 3.0123277452e-03 3.9659594204e-03 8.4397952840e-01 5.0376282046e-01
1681 129.853 3.0109234157e-03 3.9624520445e-03 8.4360132699e-01 5.0438615423e-01
1682 129.930 3.0105567683e-03 3.9594041570e-03 8.4308550180e-01 5.0493114075e-01
1683 130.008 3.0095191674e-03 3.9556253370e-03 8.4253256244e-01 5.0541761009e-01
1684 130.085 3.0085556549e-03 3.9506977661e-03 8.4210280709e-01 5.0590025016e-01
1685 130.162 3.0087821483e-03 3.9446344895e-03 8.4169139959e-01 5.0652116362e-01
1686 130.240 3.0076349309e-03 3.9374496267e-03 8.4123168620e-01 5.0706203680e-01
1687 130.317 3.0065239179e-03 3.9336268360e-03 8.4071409544e-01 5.0759919714e-01
1688 130.394 3.0067978218e-03 3.9309052277e-03 8.4017270225e-01 5.0805117644e-01
1689 130.472 3.0060900105e-03 3.9270513715e-03 8.3980663510e-01 5.0864744820e-01
1690 130.549 3.0056042237e-03 3.9220771812e-03 8.3939319565e-01 5.0923838424e-01
1691 130.626 3.0047349569e-03 3.9174016674e-03 8.3884353314e-01 5.0976572216e-01
1692 130.704 3.0043516646e-03 3.9122286522e-03 8.3829514730e-01 5.1022381190e-01
1693 130.781 3.0044327756e-03 3.9060691967e-03 8.3795103163e-01 5.1080260842e-01
1694 130.858 3.0040019485e-03 3.9032891123e-03 8.3750650067e-01 5.1140643509e-01
1695 130.936 3.0027668965e-03 3.9005892508e-03 8.3735793775e-01 5.1192440546e-01
1696 131.013 3.0030437442e-03 3.8976329989e-03 8.3727855748e-01 5.1243671333e-01
1697 131.090 3.0030762156e-03 3.8935696533e-03 8.3719962491e-01 5.1297817313e-01
1698 131.168 3.0024092290e-03 3.8884114110e-03 8.3698767687e-01 5.1357332187e-01
1699 131.245 3.0022770854e-03 3.8821713044e-03 8.3694459913e-01 5.1413596306e-01
1700 131.322 3.0019554256e-03 3.8785631728e-03 8.3697705184e-01 5.1464663504e-01
1701 131.400 3.0017958544e-03 3.8766867698e-03 8.3688257297e-01 5.1514578106e-01
1702 131.477 3.0021265035e-03 3.8737173784e-03 8.3665179158e-01 5.1576619895e-01
1703 131.555 3.0011012428e-03 3.8696660627e-03 8.3662546166e-01 5.1635401444e-01
1704 131.632 3.0008819447e-03 3.8656632979e-03 8.3664771574e-01 5.1685567881e-01
1705 131.709 3.0016986393e-03 3.8614957117e-03 8.3653360697e-01 5.1733345835e-01
1706 131.787 3.0011711748e-03 3.8562581632e-03 8.3640485950e-01 5.1798447370e-01
1707 131.864 3.0011345672e-03 3.8519658825e-03 8.3629235384e-01 5.1856397391e-01
1708 131.941 3.0009238237e-03 3.8497010442e-03 8.3629420856e-01 5.1909855004e-01
1709 132.019 3.0009155936e-03 3.8477089971e-03 8.3627777977e-01 5.1959365634e-01
1710 132.096 3.0009395340e-03 3.8446484562e-03 8.3615076962e-01 5.2019566081e-01
1711 132.173 3.0007283708e-03 3.8405301653e-03 8.3594156606e-01 5.2079469426e-01
1712 132.251 3.0001850590e-03 3.8353656465e-03 8.3602798745e-01 5.2136768050e-01
1713 132.328 3.0001592252e-03 3.8304483293e-03 8.3601784301e-01 5.2185420824e-01
1714 132.405 3.0004545553e-03 3.8277477491e-03 8.3587212373e-01 5.2241630710e-01
1715 132.483 2.9994206648e-03 3.8257720997e-03 8.3570598211e-01 5.2306828978e-01
1716 132.560 2.9994162259e-03 3.8227517669e-03 8.3576848732e-01 5.2363341224e-01
1717 132.637 2.9999952552e-03 3.8194588857e-03 8.3573926220e-01 5.2414527168e-01
1718 132.715 2.9995601669e-03 3.8164031601e-03 8.3568344284e-01 5.2469587190e-01
1719 132.792 3.0001804641e-03 3.8123127562e-03 8.3552692201e-01 5.2534071117e-01
1720 132.869 2.9994818168e-03 3.8071987459e-03 8.3549469390e-01 5.2590752209e-01
1721 132.947 2.9996389208e-03 3.8030141343e-03 8.3554337600e-01 5.2646700540e-01
1722 133.024 2.9989625669e-03 3.8020884216e-03 8.3550371024e-01 5.2698284279e-01
1723 133.101 3.0012664651e-03 3.8001312162e-03 8.3532928954e-01 5.2762104256e-01
1724 133.179 3.0022700023e-03 3.7971516484e-03 8.3529137022e-01 5.2824303457e-01
1725 133.256 3.0019651515e-03 3.7931595955e-03 8.3536871991e-01 5.2879519241e-01
1726 133.333 3.0018815390e-03 3.7891483157e-03 8.3531109838e-01 5.2928914678e-01
1727 133.411 3.0014645075e-03 3.7851774163e-03 8.3521947509e-01 5.2995817301e-01
1728 133.488 3.0000407730e-03 3.7813672047e-03 8.3512544805e-01 5.3059095430e-01
1729 133.565 3.0004946006e-03 3.7794748340e-03 8.3518472690e-01 5.3113632327e-01
1730 133.643 3.0031225505e-03 3.7770404947e-03 8.3519774285e-01 5.3167909954e-01
1731 133.720 3.0044632454e-03 3.7751933655e-03 8.3513142739e-01 5.3232294344e-01
1732 133.797 3.0045083305e-03 3.7723451109e-03 8.3495325732e-01 5.3294970834e-01
1733 133.875 3.0032506818e-03 3.7685051122e-03 8.3506624479e-01 5.3354077267e-01
1734 133.952 3.0017323167e-03 3.7636834521e-03 8.3511727523e-01 5.3408155959e-01
1735 134.029 3.0004416181e-03 3.7592472334e-03 8.3503407821e-01 5.3469295635e-01
1736 134.107 2.9978456559e-03 3.7584871710e-03 8.3491381458e-01 5.3534196168e-01
1737 134.184 2.9975328041e-03 3.7567385941e-03 8.3499654047e-01 5.3596438517e-01
1738 134.261 2.9992615551e-03 3.7540097342e-03 8.3503078646e-01 5.3649905046e-01
1739 134.339 2.9997107959e-03 3.7510085130e-03 8.3501366904e-01 5.3707645333e-01
1740 134.416 2.9988730361e-03 3.7483785389e-03 8.3492364385e-01 5.3778169558e-01
1741 134.493 2.9991240722e-03 3.7447764939e-03 8.3492557548e-01 5.3839880992e-01
1742 134.571 2.9984153496e-03 3.7402118996e-03 8.3500821422e-01 5.3896728951e-01
1743 134.648 2.9994030745e-03 3.7365623219e-03 8.3503589846e-01 5.3953049129e-01
1744 134.725 3.0010259228e-03 3.7360115217e-03 8.3493008525e-01 5.4023124437e-01
1745 134.803 3.0021954192e-03 3.7344919520e-03 8.3489723073e-01 5.4085332820e-01
1746 134.880 3.0040894105e-03 3.7320113267e-03 8.3504314886e-01 5.4146726593e-01
1747 134.957 3.0064088437e-03 3.7285780376e-03 8.3505532699e-01 5.4199405757e-01
1748 135.035 3.0075740545e-03 3.7252319477e-03 8.3500788522e-01 5.4269091362e-01
1749 135.112 3.0096174928e-03 3.7219498521e-03 8.3494711188e-01 5.4337000624e-01
1750 135.189 3.0114877803e-03 3.7177233231e-03 8.3507776452e-01 5.4397943494e-01
1751 135.267 3.0132606014e-03 3.7158624373e-03 8.3512858484e-01 5.4452643911e-01
1752 135.344 3.0153915571e-03 3.7138713735e-03 8.3513606462e-01 5.4520716520e-01
1753 135.421 3.0168661875e-03 3.7126617545e-03 8.3501074945e-01 5.4590145460e-01
1754 135.499 3.0187474912e-03 3.7105094986e-03 8.3514477058e-01 5.4650700394e-01
1755 135.576 3.0208573964e-03 3.7074224240e-03 8.3527112870e-01 5.4710845998e-01
1756 135.654 3.0230442136e-03 3.7034089896e-03 8.3526440990e-01 5.4776205183e-01
1757 135.731 3.0241269672e-03 3.6999071366e-03 8.3519051475e-01 5.4845335242e-01
1758 135.808 3.0245423247e-03 3.6948193814e-03 8.3518441562e-01 5.4900999346e-01
1759 135.886 3.0258948058e-03 3.6921180210e-03 8.3518306473e-01 5.4952695594e-01
1760 135.963 3.0260373913e-03 3.6884946702e-03 8.3508103940e-01 5.5005324780e-01
1761 136.040 3.0266033586e-03 3.6843561490e-03 8.3496557567e-01 5.5065574468e-01
1762 136.118 3.0270032784e-03 3.6809076116e-03 8.3484683092e-01 5.5125162414e-01
1763 136.195 3.0278861013e-03 3.6765471627e-03 8.3484145168e-01 5.5177039512e-01
1764 136.272 3.0284709668e-03 3.6712858727e-03 8.3483238771e-01 5.5224529348e-01
1765 136.350 3.0290440541e-03 3.6651353635e-03 8.3471326191e-01 5.5289042457e-01
1766 136.427 3.0295475398e-03 3.6613179746e-03 8.3448683682e-01 5.5349692608e-01
1767 136.504 3.0301461291e-03 3.6590611560e-03 8.3455791947e-01 5.5401792829e-01
1768 136.582 3.0314478442e-03 3.6559024198e-03 8.3456080557e-01 5.5452626331e-01
1769 136.659 3.0315016485e-03 3.6518515616e-03 8.3443821194e-01 5.5513225994e-01
1770 136.736 3.0321462642e-03 3.6472359443e-03 8.3430745501e-01 5.5574164324e-01
1771 136.814 3.0336487170e-03 3.6433992067e-03 8.3427199431e-01 5.5629530114e-01
1772 136.891 3.0344496508e-03 3.6386799821e-03 8.3427143474e-01 5.5682097370e-01
1773 136.968 3.0350744289e-03 3.6330890324e-03 8.3422451547e-01 5.5736934685e-01
1774 137.046 3.0356517812e-03 3.6294204440e-03 8.3411128344e-01 5.5798204788e-01
1775 137.123 3.0372063290e-03 3.6270767369e-03 8.3396968239e-01 5.5858505727e-01
1776 137.200 3.0378202960e-03 3.6244269919e-03 8.3400805356e-01 5.5911345612e-01
1777 137.278 3.0390645514e-03 3.6209033059e-03 8.3401668119e-01 5.5960619967e-01
1778 137.355 3.0397731337e-03 3.6165152460e-03 8.3390036916e-01 5.6025563836e-01
1779 137.432 3.0408637203e-03 3.6116372398e-03 8.3372853658e-01 5.6087325662e-01
1780 137.510 3.0423611572e-03 3.6075012547e-03 8.3378945272e-01 5.6140484386e-01
1781 137.587 3.0431290084e-03 3.6025100991e-03 8.3379519385e-01 5.6191731233e-01
1782 137.664 3.0440073061e-03 3.6000292295e-03 8.3367631257e-01 5.6254705403e-01
1783 137.742 3.0454513224e-03 3.5968074738e-03 8.3355008300e-01 5.6316854902e-01
1784 137.819 3.0469831013e-03 3.5941358639e-03 8.3349113912e-01 5.6372776523e-01
1785 137.896 3.0475221515e-03 3.5911822104e-03 8.3349449144e-01 5.6426495282e-01
1786 137.974 3.0487502859e-03 3.5873807156e-03 8.3344288059e-01 5.6485129930e-01
1787 138.051 3.0506276750e-03 3.5827406945e-03 8.3333442687e-01 5.6547716073e-01
1788 138.128 3.0517195524e-03 3.5777802405e-03 8.3318617093e-01 5.6607859456e-01
1789 138.206 3.0531157053e-03 3.5734915900e-03 8.3321092872e-01 5.6661956509e-01
1790 138.283 3.0540605568e-03 3.5716838940e-03 8.3322462404e-01 5.6716705540e-01
1791 138.360 3.0559346099e-03 3.5690368659e-03 8.3311427345e-01 5.6781094529e-01
1792 138.438 3.0572534598e-03 3.5655587091e-03 8.3292775707e-01 5.6844278855e-01
1793 138.515 3.0588077192e-03 3.5627339691e-03 8.3298878582e-01 5.6898805554e-01
1794 138.592 3.0599238728e-03 3.5595606178e-03 8.3300084879e-01 5.6950009372e-01
1795 138.670 3.0613894835e-03 3.5555637437e-03 8.3289454245e-01 5.7018677631e-01
1796 138.747 3.0634808328e-03 3.5507523766e-03 8.3279575024e-01 5.7082366158e-01
1797 138.824 3.0646193505e-03 3.5458605026e-03 8.3276807011e-01 5.7137990004e-01
1798 138.902 3.0659557484e-03 3.5443178086e-03 8.3277906944e-01 5.7193188314e-01
1799 138.979 3.0679117640e-03 3.5422878047e-03 8.3276104617e-01 5.7257866512e-01
1800 139.056 3.0698469600e-03 3.5394417404e-03 8.3266109409e-01 5.7322113292e-01
1801 139.134 3.0709878521e-03 3.5357875710e-03 8.3255436974e-01 5.7382827440e-01
1802 139.211 3.0726062194e-03 3.5329496726e-03 8.3260974990e-01 5.7438527881e-01
1803 139.288 3.0748148982e-03 3.5296361839e-03 8.3263246373e-01 5.7498557515e-01
1804 139.366 3.0763663655e-03 3.5255217853e-03 8.3253199296e-01 5.7565091761e-01
1805 139.443 3.0782561258e-03 3.5206151861e-03 8.3238861420e-01 5.7630067447e-01
1806 139.520 3.0795152967e-03 3.5178513713e-03 8.3248994504e-01 5.7686328065e-01
1807 139.598 3.0818778112e-03 3.5164794310e-03 8.3251248581e-01 5.7741949366e-01
1808 139.675 3.0836065293e-03 3.5143059509e-03 8.3244369580e-01 5.7814739772e-01
1809 139.753 3.0856494242e-03 3.5113381244e-03 8.3235620767e-01 5.7880359021e-01
1810 139.830 3.0871152586e-03 3.5075836225e-03 8.3237760008e-01 5.7939633272e-01
1811 139.907 3.0891234503e-03 3.5030505767e-03 8.3240060581e-01 5.7996708344e-01
1812 139.985 3.0915070659e-03 3.4977475620e-03 8.3241871617e-01 5.8066973455e-01
1813 140.062 3.0931917872e-03 3.4916835795e-03 8.3233158502e-01 5.8133297864e-01
1814 140.139 3.0949042573e-03 3.4875104952e-03 8.3227761867e-01 5.8197451090e-01
1815 140.217 3.0970511840e-03 3.4848774195e-03 8.3236955340e-01 5.8255175648e-01
1816 140.294 3.0995651270e-03 3.4814728579e-03 8.3240586756e-01 5.8321928490e-01
1817 140.371 3.1009666725e-03 3.4773043733e-03 8.3231979498e-01 5.8390046082e-01
1818 140.449 3.1031621089e-03 3.4723799592e-03 8.3221773925e-01 5.8457260957e-01
1819 140.526 3.1056165487e-03 3.4667080239e-03 8.3237079506e-01 5.8515698700e-01
1820 140.603 3.1078021755e-03 3.4602973742e-03 8.3240860591e-01 5.8579836134e-01
1821 140.681 3.1098406380e-03 3.4537063742e-03 8.3237974399e-01 5.8651850916e-01
1822 140.758 3.1117045669e-03 3.4490829817e-03 8.3230831650e-01 5.8719869576e-01
1823 140.835 3.1143455159e-03 3.4452630185e-03 8.3238685616e-01 5.8779086998e-01
1824 140.913 3.1162188417e-03 3.4407017175e-03 8.3243267091e-01 5.8840150034e-01
1825 140.990 3.1188478093e-03 3.4354121606e-03 8.3248523049e-01 5.8916997974e-01
1826 141.067 3.1205354273e-03 3.4312717123e-03 8.3241588760e-01 5.8985889687e-01
1827 141.145 3.1232639706e-03 3.4263980356e-03 8.3242094187e-01 5.9049354746e-01
1828 141.222 3.1256125118e-03 3.4207991324e-03 8.3255109170e-01 5.9109586360e-01
1829 141.299 3.1280236933e-03 3.4144833843e-03 8.3260626478e-01 5.9185039579e-01
1830 141.377 3.1299378240e-03 3.4084484467e-03 8.3253977614e-01 5.9254875077e-01
1831 141.454 3.1323828092e-03 3.4045292896e-03 8.3250788498e-01 5.9322993912e-01
1832 141.531 3.1352450853e-03 3.4007463314e-03 8.3268839742e-01 5.9384114327e-01
1833 141.609 3.1373702456e-03 3.3962437114e-03 8.3274696205e-01 5.9455461533e-01
1834 141.686 3.1395216912e-03 3.3913413707e-03 8.3275504074e-01 5.9528298406e-01
1835 141.763 3.1420375315e-03 3.3872899363e-03 8.3270512237e-01 5.9599249413e-01
1836 141.841 3.1450380203e-03 3.3825263659e-03 8.3284759855e-01 5.9661331951e-01
1837 141.918 3.1468928554e-03 3.3770582443e-03 8.3292551010e-01 5.9728622596e-01
1838 141.995 3.1495682179e-03 3.3708935195e-03 8.3300085937e-01 5.9806139346e-01
1839 142.073 3.1522746480e-03 3.3653740143e-03 8.3295498075e-01 5.9878153463e-01
1840 142.150 3.1550178349e-03 3.3615654923e-03 8.3302704693e-01 5.9941571323e-01
1841 142.227 3.1557800070e-03 3.3566465547e-03 8.3305523457e-01 5.9994353773e-01
1842 142.305 3.1566157783e-03 3.3510430153e-03 8.3301136294e-01 6.0064878036e-01
1843 142.382 3.1579905972e-03 3.3451801472e-03 8.3285358307e-01 6.0127537953e-01
1844 142.459 3.1588926013e-03 3.3400275706e-03 8.3270775573e-01 6.0184223365e-01
1845 142.537 3.1602030204e-03 3.3341977036e-03 8.3279252206e-01 6.0238600167e-01
1846 142.614 3.1607744819e-03 3.3276997175e-03 8.3276288949e-01 6.0302561909e-01
1847 142.691 3.1624373147e-03 3.3205431262e-03 8.3265789477e-01 6.0366919539e-01
1848 142.769 3.1634521692e-03 3.3139015729e-03 8.3252817152e-01 6.0426758038e-01
1849 142.846 3.1649215179e-03 3.3092842252e-03 8.3251629575e-01 6.0482774767e-01
1850 142.923 3.1656716826e-03 3.3046066045e-03 8.3250121217e-01 6.0541164472e-01
1851 143.001 3.1672287180e-03 3.2992638091e-03 8.3246229983e-01 6.0607271679e-01
1852 143.078 3.1687474698e-03 3.2934785190e-03 8.3234687306e-01 6.0670141315e-01
1853 143.155 3.1699744429e-03 3.2886048002e-03 8.3222946660e-01 6.0727851457e-01
1854 143.233 3.1710451565e-03 3.2830739731e-03 8.3224317006e-01 6.0780626541e-01
1855 143.310 3.1723780221e-03 3.2768946626e-03 8.3225600694e-01 6.0848537170e-01
1856 143.387 3.1743802671e-03 3.2700757799e-03 8.3215536443e-01 6.0915123924e-01
1857 143.465 3.1753789525e-03 3.2636040379e-03 8.3197817585e-01 6.0974583110e-01
1858 143.542 3.1769067346e-03 3.2591937141e-03 8.3201537155e-01 6.1027590848e-01
1859 143.619 3.1784517610e-03 3.2547808701e-03 8.3204328797e-01 6.1091488802e-01
1860 143.697 3.1803651611e-03 3.2497223204e-03 8.3195791359e-01 6.1161316422e-01
1861 143.774 3.1815951560e-03 3.2440586514e-03 8.3184757739e-01 6.1222580782e-01
1862 143.851 3.1831796204e-03 3.2394879119e-03 8.3178618373e-01 6.1279383540e-01
1863 143.929 3.1850187479e-03 3.2342788868e-03 8.3182966085e-01 6.1336938479e-01
1864 144.006 3.1867289864e-03 3.2284396098e-03 8.3177184218e-01 6.1408650072e-01
1865 144.084 3.1884382982e-03 3.2219783924e-03 8.3171535627e-01 6.1471776394e-01
1866 144.161 3.1898160550e-03 3.2158812033e-03 8.3155806582e-01 6.1532324073e-01
1867 144.238 3.1919580130e-03 3.2112949784e-03 8.3161758933e-01 6.1587010680e-01
1868 144.316 3.1934800369e-03 3.2071717380e-03 8.3162461631e-01 6.1657330435e-01
1869 144.393 3.1956399993e-03 3.2024208664e-03 8.3158395026e-01 6.1722376543e-01
1870 144.470 3.1968283322e-03 3.1970497915e-03 8.3143089169e-01 6.1786657706e-01
1871 144.548 3.1992881355e-03 3.1927921347e-03 8.3140984443e-01 6.1843207865e-01
1872 144.625 3.2010952055e-03 3.1879264976e-03 8.3148169962e-01 6.1907873652e-01
1873 144.702 3.2032206557e-03 3.1824475029e-03 8.3145737536e-01 6.1975815006e-01
1874 144.780 3.2047193845e-03 3.1763628882e-03 8.3134134888e-01 6.2042896048e-01
1875 144.857 3.2070188572e-03 3.1706233680e-03 8.3124336248e-01 6.2101369960e-01
1876 144.934 3.2092367232e-03 3.1654738105e-03 8.3134849170e-01 6.2160937214e-01
1877 145.012 3.2111966917e-03 3.1616634508e-03 8.3134103692e-01 6.2232496114e-01
1878 145.089 3.2129947171e-03 3.1572422824e-03 8.3128948216e-01 6.2301586666e-01
1879 145.166 3.2151496468e-03 3.1522244876e-03 8.3118294119e-01 6.2362046440e-01
1880 145.244 3.2177601892e-03 3.1483273237e-03 8.3122606780e-01 6.2419852774e-01
1881 145.321 3.2195699965e-03 3.1438255806e-03 8.3123601874e-01 6.2492019896e-01
1882 145.398 3.2217661656e-03 3.1387261809e-03 8.3125061204e-01 6.2563184301e-01
1883 145.476 3.2239021189e-03 3.1330363114e-03 8.3116121527e-01 6.2625694110e-01
1884 145.553 3.2266779974e-03 3.1276937341e-03 8.3111866764e-01 6.2686659958e-01
1885 145.630 3.2285035654e-03 3.1225337427e-03 8.3118502582e-01 6.2754465109e-01
1886 145.708 3.2309433989e-03 3.1181487724e-03 8.3122510227e-01 6.2827769592e-01
1887 145.785 3.2333391869e-03 3.1140780586e-03 8.3115342355e-01 6.2892395506e-01
1888 145.862 3.2359938280e-03 3.1094186142e-03 8.3104142746e-01 6.2956726932e-01
1889 145.940 3.2381976490e-03 3.1058738480e-03 8.3115956991e-01 6.3019227826e-01
1890 146.017 3.2405112991e-03 3.1017555396e-03 8.3121778879e-01 6.3094739840e-01
1891 146.094 3.2431583263e-03 3.0970542185e-03 8.3116441186e-01 6.3163014818e-01
1892 146.172 3.2457077332e-03 3.0917765406e-03 8.3111811837e-01 6.3229846716e-01
1893 146.249 3.2482717258e-03 3.0868553670e-03 8.3115526684e-01 6.3287997039e-01
1894 146.326 3.2504747356e-03 3.0821248116e-03 8.3123222588e-01 6.3364513772e-01
1895 146.404 3.2533649114e-03 3.0768236434e-03 8.3123750000e-01 6.3437176953e-01
1896 146.481 3.2558251870e-03 3.0726407041e-03 8.3121544097e-01 6.3506233168e-01
1897 146.558 3.2587168114e-03 3.0683651819e-03 8.3117200262e-01 6.3566582143e-01
1898 146.636 3.2608248207e-03 3.0651374697e-03 8.3126831446e-01 6.3638033524e-01
1899 146.713 3.2639549058e-03 3.0614207417e-03 8.3133776700e-01 6.3714284238e-01
1900 146.790 3.2664291374e-03 3.0571347265e-03 8.3133481700e-01 6.3785637990e-01
1901 146.868 3.2695473714e-03 3.0522855664e-03 8.3122304975e-01 6.3848258720e-01
1902 146.945 3.2716179544e-03 3.0477933854e-03 8.3133571768e-01 6.3928576724e-01
1903 147.022 3.2749152895e-03 3.0435084445e-03 8.3146370488e-01 6.4009462339e-01
1904 147.100 3.2776982568e-03 3.0386656048e-03 8.3148051567e-01 6.4089258425e-01
1905 147.177 3.2807513378e-03 3.0332712338e-03 8.3143235679e-01 6.4187221788e-01
1906 147.254 3.2831370198e-03 3.0287904182e-03 8.3146798133e-01 6.4276320670e-01
1907 147.332 3.2862685619e-03 3.0259181098e-03 8.3161625593e-01 6.4360633362e-01
1908 147.409 3.2893146686e-03 3.0226194130e-03 8.3165349564e-01 6.4440466591e-01
1909 147.486 3.2923186382e-03 3.0187643461e-03 8.3166920717e-01 6.4535829974e-01
1910 147.564 3.2949970899e-03 3.0143585541e-03 8.3162691885e-01 6.4627755816e-01
1911 147.641 3.2979976684e-03 3.0103010091e-03 8.3179616944e-01 6.4716362642e-01
1912 147.718 3.3013081888e-03 3.0064762979e-03 8.3186323842e-01 6.4798977430e-01
1913 147.796 3.3042791454e-03 3.0029027352e-03 8.3193355526e-01 6.4872708689e-01
1914 147.873 3.3072272193e-03 3.0014260866e-03 8.3189341083e-01 6.4974726245e-01
1915 147.950 3.3100846869e-03 2.9993899184e-03 8.3200722566e-01 6.5069114071e-01
1916 148.028 3.3136461168e-03 2.9967989986e-03 8.3213503622e-01 6.5154578559e-01
1917 148.105 3.3166001289e-03 2.9936583562e-03 8.3222680789e-01 6.5238673613e-01
1918 148.183 3.3197914783e-03 2.9899732724e-03 8.3220823246e-01 6.5314844801e-01
1919 148.260 3.3225413066e-03 2.9860051558e-03 8.3225015382e-01 6.5385209663e-01
1920 148.337 3.3263201978e-03 2.9839365615e-03 8.3243875300e-01 6.5490758444e-01
1921 148.415 3.3292733290e-03 2.9823209356e-03 8.3255272744e-01 6.5587358778e-01
1922 148.492 3.3326958066e-03 2.9801576816e-03 8.3256337251e-01 6.5675012415e-01
1923 148.569 3.3353399681e-03 2.9774513818e-03 8.3257943576e-01 6.5753724283e-01
1924 148.647 3.3377159724e-03 2.9747920935e-03 8.3265101845e-01 6.5813518052e-01
1925 148.724 3.3390526473e-03 2.9729196709e-03 8.3267246630e-01 6.5872287827e-01
1926 148.801 3.3410813424e-03 2.9704228199e-03 8.3261866917e-01 6.5960759916e-01
1927 148.879 3.3421963549e-03 2.9671165892e-03 8.3254955120e-01 6.6040701012e-01
1928 148.956 3.3446207672e-03 2.9629385331e-03 8.3250068639e-01 6.6112117989e-01
1929 149.033 3.3462446208e-03 2.9588363083e-03 8.3255319751e-01 6.6175009663e-01
1930 149.111 3.3482757061e-03 2.9556790076e-03 8.3254538463e-01 6.6229364455e-01
1931 149.188 3.3495476304e-03 2.9525627515e-03 8.3250684222e-01 6.6289797642e-01
1932 149.265 3.3519834239e-03 2.9495299267e-03 8.3236537585e-01 6.6372753146e-01
1933 149.343 3.3538893010e-03 2.9460254127e-03 8.3242772145e-01 6.6447014306e-01
1934 149.420 3.3559356512e-03 2.9440163964e-03 8.3246461700e-01 6.6519044076e-01
1935 149.497 3.3574986430e-03 2.9413704989e-03 8.3245711604e-01 6.6583118633e-01
1936 149.575 3.3598301487e-03 2.9380779775e-03 8.3234674642e-01 6.6638369789e-01
1937 149.652 3.3620101632e-03 2.9341406209e-03 8.3229490997e-01 6.6695683366e-01
1938 149.729 3.3640849483e-03 2.9314250030e-03 8.3237525463e-01 6.6770683707e-01
1939 149.807 3.3659236907e-03 2.9284376789e-03 8.3239924574e-01 6.6838356257e-01
1940 149.884 3.3681644354e-03 2.9248570178e-03 8.3232042779e-01 6.6897249918e-01
1941 149.961 3.3704191756e-03 2.9206790073e-03 8.3223599921e-01 6.6948692694e-01
1942 150.039 3.3725357332e-03 2.9171883834e-03 8.3228453833e-01 6.7023857339e-01
1943 150.116 3.3735963084e-03 2.9145664777e-03 8.3234047319e-01 6.7095112849e-01
1944 150.193 3.3753169698e-03 2.9122846420e-03 8.3229366215e-01 6.7157608992e-01
1945 150.271 3.3768793508e-03 2.9094209658e-03 8.3225324268e-01 6.7213507345e-01
1946 150.348 3.3790498093e-03 2.9060624969e-03 8.3219672358e-01 6.7278661875e-01
1947 150.425 3.3803736510e-03 2.9040403013e-03 8.3228505750e-01 6.7353510252e-01
1948 150.503 3.3821410357e-03 2.9014611145e-03 8.3227712088e-01 6.7419605712e-01
1949 150.580 3.3838041915e-03 2.8983248896e-03 8.3227449569e-01 6.7479851474e-01
1950 150.657 3.3860423709e-03 2.8946344629e-03 8.3216964051e-01 6.7536309911e-01
1951 150.735 3.3876181721e-03 2.8919392662e-03 8.3223284771e-01 6.7614104520e-01
1952 150.812 3.3894460498e-03 2.8890552491e-03 8.3227164089e-01 6.7683816730e-01
1953 150.889 3.3911911785e-03 2.8856372566e-03 8.3230154336e-01 6.7748188785e-01
1954 150.967 3.3935110824e-03 2.8816863475e-03 8.3222926627e-01 6.7808307078e-01
1955 151.044 3.3953307572e-03 2.8787155179e-03 8.3218968263e-01 6.7877069372e-01
1956 151.121 3.3972330851e-03 2.8771523169e-03 8.3227257785e-01 6.7950428487e-01
1957 151.199 3.3990490769e-03 2.8750546142e-03 8.3233549462e-01 6.8018481696e-01
1958 151.276 3.4014648675e-03 2.8724252264e-03 8.3229628482e-01 6.8082280366e-01
1959 151.353 3.4035068590e-03 2.8692685619e-03 8.3222129492e-01 6.8142563333e-01
1960 151.431 3.4054977685e-03 2.8671454522e-03 8.3228623644e-01 6.8219608413e-01
1961 151.508 3.4073702550e-03 2.8647627343e-03 8.3238266381e-01 6.8291215463e-01
1962 151.585 3.4098961907e-03 2.8618633905e-03 8.3237701938e-01 6.8358725127e-01
1963 151.663 3.4121532893e-03 2.8584505112e-03 8.3234787567e-01 6.8417534758e-01
1964 151.740 3.4142469507e-03 2.8557595952e-03 8.3231407478e-01 6.8491775630e-01
1965 151.817 3.4161385914e-03 2.8530919453e-03 8.3244452066e-01 6.8567132434e-01
1966 151.895 3.4187887242e-03 2.8499226853e-03 8.3247295118e-01 6.8638392223e-01
1967 151.972 3.4212220823e-03 2.8470775224e-03 8.3248893008e-01 6.8700923666e-01
1968 152.049 3.4234321167e-03 2.8444639192e-03 8.3242691076e-01 6.8766558246e-01
1969 152.127 3.4254642526e-03 2.8428204853e-03 8.3252228531e-01 6.8845790840e-01
1970 152.204 3.4280482116e-03 2.8409561028e-03 8.3258531366e-01 6.8920845957e-01
1971 152.282 3.4305326787e-03 2.8385898921e-03 8.3264675167e-01 6.8987146319e-01
1972 152.359 3.4328693262e-03 2.8357255551e-03 8.3261898311e-01 6.9047066647e-01
1973 152.436 3.4347670423e-03 2.8334091668e-03 8.3262173318e-01 6.9127507480e-01
1974 152.514 3.4371834803e-03 2.8312764368e-03 8.3271989786e-01 6.9206409098e-01
1975 152.591 3.4390537322e-03 2.8286531977e-03 8.3282692411e-01 6.9276530802e-01
1976 152.668 3.4412347484e-03 2.8255425220e-03 8.3283396067e-01 6.9340244120e-01
1977 152.746 3.4426275169e-03 2.8227107519e-03 8.3277116499e-01 6.9412652256e-01
1978 152.823 3.4429557675e-03 2.8203127400e-03 8.3288581128e-01 6.9495457042e-01
1979 152.900 3.4433130283e-03 2.8174357111e-03 8.3302969444e-01 6.9569457571e-01
1980 152.978 3.4434692167e-03 2.8155537328e-03 8.3307210708e-01 6.9636840305e-01
1981 153.055 3.4432670058e-03 2.8132368531e-03 8.3305580351e-01 6.9701516644e-01
1982 153.132 3.4419918230e-03 2.8112564887e-03 8.3307697769e-01 6.9787768937e-01
1983 153.210 3.4403008582e-03 2.8096597643e-03 8.3325678471e-01 6.9865709964e-01
1984 153.287 3.4384495811e-03 2.8075829538e-03 8.3351016937e-01 6.9937085625e-01
1985 153.364 3.4363208616e-03 2.8050293328e-03 8.3376521726e-01 7.0005659124e-01
1986 153.442 3.4349506448e-03 2.8024666045e-03 8.3398110414e-01 7.0084031502e-01
1987 153.519 3.4333999615e-03 2.8006199214e-03 8.3422605114e-01 7.0165979702e-01
1988 153.596 3.4320240986e-03 2.7983024346e-03 8.3457678577e-01 7.0240927265e-01
1989 153.674 3.4343929315e-03 2.7955170857e-03 8.3487079921e-01 7.0313468983e-01
1990 153.751 3.4389698192e-03 2.7924794604e-03 8.3512574990e-01 7.0384298654e-01
1991 153.828 3.4440691217e-03 2.7903862576e-03 8.3528186756e-01 7.0470324924e-01
1992 153.906 3.4482316844e-03 2.7878316976e-03 8.3567223361e-01 7.0548978858e-01
1993 153.983 3.4529183380e-03 2.7859252916e-03 8.3600671012e-01 7.0625563290e-01
1994 154.060 3.4571831075e-03 2.7839185967e-03 8.3630125585e-01 7.0693325827e-01
1995 154.138 3.4621906324e-03 2.7814485579e-03 8.3649433800e-01 7.0778485279e-01
1996 154.215 3.4665240021e-03 2.7795284020e-03 8.3680057984e-01 7.0860982388e-01
1997 154.292 3.4714369337e-03 2.7777551199e-03 8.3717261302e-01 7.0941686851e-01
1998 154.370 3.4760961942e-03 2.7755222860e-03 8.3750730352e-01 7.1013537172e-01
1999 154.447 3.4810883720e-03 2.7728332703e-03 8.3774047886e-01 7.1090728029e-01
2000 154.524 3.4856409662e-03 2.7696918620e-03 8.3796784234e-01 7.1176834376e-01
2001 154.602 3.4905166650e-03 2.7671899336e-03 8.3837303577e-01 7.1261739330e-01
2002 154.679 3.4951830365e-03 2.7647293138e-03 8.3874844398e-01 7.1337758951e-01
2003 154.756 3.5005341669e-03 2.7618203118e-03 8.3902229141e-01 7.1407134800e-01
2004 154.834 3.5053638151e-03 2.7584664529e-03 8.3928841690e-01 7.1496934383e-01
2005 154.911 3.5102236678e-03 2.7546716404e-03 8.3960750490e-01 7.1586124151e-01
2006 154.988 3.5122216337e-03 2.7505845341e-03 8.3991320630e-01 7.1655478185e-01
2007 155.066 3.5150644024e-03 2.7478746519e-03 8.4012345773e-01 7.1716420389e-01
2008 155.143 3.5175410094e-03 2.7447647050e-03 8.4031366218e-01 7.1787372070e-01
2009 155.220 3.5200061850e-03 2.7431239423e-03 8.4043601940e-01 7.1868122539e-01
2010 155.298 3.5220573946e-03 2.7409788411e-03 8.4074826680e-01 7.1942244551e-01
2011 155.375 3.5249559985e-03 2.7396118283e-03 8.4100635186e-01 7.2007923107e-01
2012 155.452 3.5277931015e-03 2.7380664914e-03 8.4122277446e-01 7.2070707521e-01
2013 155.530 3.5304952542e-03 2.7359957013e-03 8.4139356015e-01 7.2150746170e-01
2014 155.607 3.5329414052e-03 2.7334206338e-03 8.4158750951e-01 7.2229782010e-01
2015 155.684 3.5352584344e-03 2.7319099037e-03 8.4189584265e-01 7.2300344247e-01
2016 155.762 3.5385363571e-03 2.7299654753e-03 8.4217693681e-01 7.2366604493e-01
2017 155.839 3.5417996129e-03 2.7275516407e-03 8.4239846828e-01 7.2443414587e-01
2018 155.916 3.5446787402e-03 2.7247715077e-03 8.4257463924e-01 7.2527606963e-01
2019 155.994 3.5471775966e-03 2.7229714153e-03 8.4291715953e-01 7.2603258087e-01
2020 156.071 3.5497302005e-03 2.7218915386e-03 8.4328578285e-01 7.2678592390e-01
2021 156.148 3.5537558577e-03 2.7205492412e-03 8.4355831882e-01 7.2751103215e-01
2022 156.226 3.5571129298e-03 2.7187725288e-03 8.4378058920e-01 7.2840533147e-01
2023 156.303 3.5600818493e-03 2.7168382321e-03 8.4402458589e-01 7.2921365939e-01
2024 156.380 3.5636726785e-03 2.7156810558e-03 8.4441259536e-01 7.2999462565e-01
2025 156.458 3.5677866103e-03 2.7141002812e-03 8.4473627265e-01 7.3071413417e-01
2026 156.535 3.5727547922e-03 2.7120973929e-03 8.4497660540e-01 7.3154954497e-01
2027 156.613 3.5770977396e-03 2.7097359089e-03 8.4521282985e-01 7.3241032301e-01
2028 156.690 3.5812349224e-03 2.7083572769e-03 8.4554871776e-01 7.3322332930e-01
2029 156.767 3.5848877134e-03 2.7065647776e-03 8.4592373887e-01 7.3399459277e-01
2030 156.845 3.5903609936e-03 2.7043599201e-03 8.4620258247e-01 7.3472166118e-01
2031 156.922 3.5948795283e-03 2.7017447388e-03 8.4647116537e-01 7.3563555232e-01
2032 156.999 3.5995542051e-03 2.7000288858e-03 8.4669041641e-01 7.3647575616e-01
2033 157.077 3.6032094298e-03 2.6991186812e-03 8.4711707525e-01 7.3729949085e-01
2034 157.154 3.6087058945e-03 2.6980112655e-03 8.4744739525e-01 7.3803695876e-01
2035 157.231 3.6136950250e-03 2.6964988784e-03 8.4774502478e-01 7.3889100320e-01
2036 157.309 3.6186043450e-03 2.6945829527e-03 8.4798726093e-01 7.3977172175e-01
2037 157.386 3.6227991335e-03 2.6934532975e-03 8.4820964872e-01 7.4063261128e-01
2038 157.463 3.6277989874e-03 2.6921750492e-03 8.4848776600e-01 7.4142290281e-01
2039 157.541 3.6333064461e-03 2.6904973559e-03 8.4875606280e-01 7.4218297468e-01
2040 157.618 3.6383932042e-03 2.6884217352e-03 8.4894626955e-01 7.4311796763e-01
2041 157.695 3.6431275387e-03 2.6868585157e-03 8.4906075091e-01 7.4400369495e-01
2042 157.773 3.6476104381e-03 2.6854187698e-03 8.4916265828e-01 7.4484766608e-01
2043 157.850 3.6536443283e-03 2.6835850770e-03 8.4933231717e-01 7.4560478641e-01
2044 157.927 3.6588868848e-03 2.6813590162e-03 8.4957435963e-01 7.4650274847e-01
2045 158.005 3.6641650404e-03 2.6794749768e-03 8.4972089904e-01 7.4741525996e-01
2046 158.082 3.6684301639e-03 2.6781403533e-03 8.4986764718e-01 7.4831382085e-01
2047 158.159 3.6746687152e-03 2.6774050316e-03 8.4992574224e-01 7.4912514189e-01
2048 158.237 3.6802434443e-03 2.6762779291e-03 8.5021590110e-01 7.4992815127e-01
2049 158.314 3.6858900406e-03 2.6747604063e-03 8.5041467062e-01 7.5088650985e-01
2050 158.391 3.6907081460e-03 2.6733200320e-03 8.5059453580e-01 7.5182462200e-01
2051 158.469 3.6963946170e-03 2.6724462969e-03 8.5070470355e-01 7.5269112744e-01
2052 158.546 3.7025191462e-03 2.6711849621e-03 8.5088277872e-01 7.5347020811e-01
2053 158.623 3.7083068338e-03 2.6695374371e-03 8.5113431044e-01 7.5441314189e-01
2054 158.701 3.7136880417e-03 2.6677505211e-03 8.5134072722e-01 7.5538318204e-01
2055 158.778 3.7187875635e-03 2.6667442210e-03 8.5150351535e-01 7.5630591130e-01
2056 158.855 3.7254756210e-03 2.6653546457e-03 8.5157841827e-01 7.5714083238e-01
2057 158.933 3.7313763760e-03 2.6635832478e-03 8.5188329215e-01 7.5799002351e-01
2058 159.010 3.7373329789e-03 2.6614722462e-03 8.5212011901e-01 7.5899094728e-01
2059 159.087 3.7422736059e-03 2.6603389125e-03 8.5233611854e-01 7.5997099569e-01
2060 159.165 3.7490745232e-03 2.6589446437e-03 8.5245677139e-01 7.6086286415e-01
2061 159.242 3.7553397820e-03 2.6582644333e-03 8.5265772836e-01 7.6168277603e-01
2062 159.319 3.7616242218e-03 2.6572027692e-03 8.5292963704e-01 7.6266617451e-01
2063 159.397 3.7671552230e-03 2.6557611440e-03 8.5319948250e-01 7.6368958662e-01
2064 159.474 3.7733221120e-03 2.6550120534e-03 8.5337391649e-01 7.6463956803e-01
2065 159.551 3.7801833044e-03 2.6542214626e-03 8.5349401370e-01 7.6550114999e-01
2066 159.629 3.7865489041e-03 2.6530530535e-03 8.5379099347e-01 7.6641523770e-01
2067 159.706 3.7926859407e-03 2.6515083317e-03 8.5409393802e-01 7.6746598100e-01
2068 159.783 3.7981622142e-03 2.6503926443e-03 8.5432283814e-01 7.6847530341e-01
2069 159.861 3.8056367055e-03 2.6494966960e-03 8.5447654516e-01 7.6939585009e-01
2070 159.938 3.8121028079e-03 2.6482266978e-03 8.5469858112e-01 7.7027048473e-01
2071 160.015 3.8188229229e-03 2.6465841697e-03 8.5503420609e-01 7.7130303362e-01
2072 160.093 3.8245616650e-03 2.6451838823e-03 8.5531830952e-01 7.7237298785e-01
2073 160.170 3.8316662679e-03 2.6441874964e-03 8.5550715714e-01 7.7335379838e-01
2074 160.247 3.8387652164e-03 2.6428209098e-03 8.5569836677e-01 7.7425820479e-01
2075 160.325 3.8455417206e-03 2.6417539742e-03 8.5601257949e-01 7.7522380563e-01
2076 160.402 3.8519223029e-03 2.6408186165e-03 8.5635267215e-01 7.7633216260e-01
2077 160.479 3.8582423341e-03 2.6396404184e-03 8.5659743609e-01 7.7737459603e-01
2078 160.557 3.8659933090e-03 2.6393635954e-03 8.5681898055e-01 7.7832762388e-01
2079 160.634 3.8727921891e-03 2.6387157948e-03 8.5703039735e-01 7.7925891181e-01
2080 160.712 3.8798334850e-03 2.6376983409e-03 8.5742731724e-01 7.8035418009e-01
2081 160.789 3.8859277200e-03 2.6363127405e-03 8.5772883722e-01 7.8145965945e-01
2082 160.866 3.8937274984e-03 2.6358596998e-03 8.5798426176e-01 7.8247535766e-01
2083 160.944 3.9011363596e-03 2.6351313695e-03 8.5819564694e-01 7.8343668738e-01
2084 161.021 3.9082505988e-03 2.6340367218e-03 8.5855100267e-01 7.8443784700e-01
2085 161.098 3.9120605570e-03 2.6318114295e-03 8.5875129575e-01 7.8541314072e-01
2086 161.176 3.9162190200e-03 2.6301571893e-03 8.5887339047e-01 7.8630656739e-01
2087 161.253 3.9214274443e-03 2.6285686799e-03 8.5899548065e-01 7.8711831735e-01
2088 161.330 3.9257166188e-03 2.6266443407e-03 8.5903247461e-01 7.8791053700e-01
2089 161.408 3.9302075889e-03 2.6243863363e-03 8.5928210958e-01 7.8879411945e-01
2090 161.485 3.9341608156e-03 2.6223115221e-03 8.5946374817e-01 7.8975903308e-01
2091 161.562 3.9394540569e-03 2.6206170761e-03 8.5960052628e-01 7.9064184849e-01
2092 161.640 3.9443130596e-03 2.6197021788e-03 8.5970390014e-01 7.9144628474e-01
2093 161.717 3.9489809074e-03 2.6185428046e-03 8.5977130696e-01 7.9224435582e-01
2094 161.794 3.9531203159e-03 2.6170468926e-03 8.6002003867e-01 7.9320110549e-01
2095 161.872 3.9581025477e-03 2.6152165140e-03 8.6018359036e-01 7.9415604114e-01
2096 161.949 3.9636619002e-03 2.6138352209e-03 8.6033956241e-01 7.9502866205e-01
2097 162.026 3.9683893300e-03 2.6126483023e-03 8.6042473366e-01 7.9584106648e-01
2098 162.104 3.9732351302e-03 2.6111283130e-03 8.6054475462e-01 7.9666492117e-01
2099 162.181 3.9780145605e-03 2.6092772944e-03 8.6077577047e-01 7.9766797431e-01
2100 162.258 3.9837016585e-03 2.6073755213e-03 8.6094210339e-01 7.9861338730e-01
2101 162.336 3.9889385638e-03 2.6061643823e-03 8.6109452812e-01 7.9947626258e-01
2102 162.413 3.9940551083e-03 2.6046236677e-03 8.6116201895e-01 8.0029720690e-01
2103 162.490 3.9986973938e-03 2.6027553938e-03 8.6133110044e-01 8.0118372511e-01
2104 162.568 4.0044287118e-03 2.6005616955e-03 8.6154493033e-01 8.0219806927e-01
2105 162.645 4.0103973680e-03 2.5992247335e-03 8.6172849297e-01 8.0313443622e-01
2106 162.722 4.0155593458e-03 2.5976664866e-03 8.6186361038e-01 8.0398803550e-01
2107 162.800 4.0208180332e-03 2.5962161181e-03 8.6191395008e-01 8.0482141435e-01
2108 162.877 4.0264609431e-03 2.5950903090e-03 8.6214530651e-01 8.0578884132e-01
2109 162.954 4.0325350210e-03 2.5936361895e-03 8.6234434314e-01 8.0679985165e-01
2110 163.032 4.0382129363e-03 2.5921018957e-03 8.6254764356e-01 8.0772767959e-01
2111 163.109 4.0437543799e-03 2.5912949105e-03 8.6266599956e-01 8.0857558771e-01
2112 163.186 4.0492855451e-03 2.5901608527e-03 8.6272991719e-01 8.0942756596e-01
2113 163.264 4.0553899073e-03 2.5887015759e-03 8.6299593653e-01 8.1047502904e-01
2114 163.341 4.0618360438e-03 2.5869190501e-03 8.6321387004e-01 8.1147828112e-01
2115 163.418 4.0674107602e-03 2.5858783354e-03 8.6340082265e-01 8.1239810653e-01
2116 163.496 4.0731503071e-03 2.5847392282e-03 8.6350297542e-01 8.1325925083e-01
2117 163.573 4.0796920202e-03 2.5832780112e-03 8.6363083820e-01 8.1418257335e-01
2118 163.650 4.0861506723e-03 2.5814966229e-03 8.6388121331e-01 8.1524113267e-01
2119 163.728 4.0923423922e-03 2.5800330096e-03 8.6411996132e-01 8.1623720277e-01
2120 163.805 4.0982759004e-03 2.5788919991e-03 8.6429114516e-01 8.1714959378e-01
2121 163.882 4.1047097774e-03 2.5774319828e-03 8.6437766842e-01 8.1802538260e-01
2122 163.960 4.1113641673e-03 2.5756548716e-03 8.6458002395e-01 8.1903268868e-01
2123 164.037 4.1181620642e-03 2.5741309624e-03 8.6483668274e-01 8.2010167837e-01
2124 164.114 4.1241173488e-03 2.5727496863e-03 8.6507752787e-01 8.2109119089e-01
2125 164.192 4.1304150899e-03 2.5720582332e-03 8.6523354248e-01 8.2199676256e-01
2126 164.269 4.1378556934e-03 2.5713283139e-03 8.6533517905e-01 8.2290855762e-01
2127 164.346 4.1446721493e-03 2.5702783873e-03 8.6558045625e-01 8.2399259522e-01
2128 164.424 4.1514595777e-03 2.5689102160e-03 8.6585913315e-01 8.2506057543e-01
2129 164.501 4.1577496562e-03 2.5677463829e-03 8.6608530271e-01 8.2604419291e-01
2130 164.578 4.1650338776e-03 2.5670272645e-03 8.6622676722e-01 8.2694980840e-01
2131 164.656 4.1723252817e-03 2.5659909211e-03 8.6635394748e-01 8.2796330963e-01
2132 164.733 4.1794537112e-03 2.5646390832e-03 8.6664204582e-01 8.2906244942e-01
2133 164.811 4.1860461696e-03 2.5630949966e-03 8.6693906289e-01 8.3012552312e-01
2134 164.888 4.1931848804e-03 2.5623898731e-03 8.6715120671e-01 8.3110395389e-01
2135 164.965 4.2010118517e-03 2.5613702922e-03 8.6729862985e-01 8.3202401693e-01
2136 165.043 4.2081321381e-03 2.5600379552e-03 8.6748279179e-01 8.3313038100e-01
2137 165.120 4.2155710476e-03 2.5583946670e-03 8.6780429020e-01 8.3424769918e-01
2138 165.197 4.2225186125e-03 2.5574690558e-03 8.6808784903e-01 8.3530663712e-01
2139 165.275 4.2302943850e-03 2.5564694328e-03 8.6828664401e-01 8.3628064095e-01
2140 165.352 4.2383170552e-03 2.5551597633e-03 8.6845709369e-01 8.3726325143e-01
2141 165.429 4.2456974982e-03 2.5539640090e-03 8.6869040860e-01 8.3841005610e-01
2142 165.507 4.2530221747e-03 2.5530282167e-03 8.6903542617e-01 8.3954519612e-01
2143 165.584 4.2610113888e-03 2.5517946864e-03 8.6930623842e-01 8.4060080745e-01
2144 165.661 4.2690718165e-03 2.5515150397e-03 8.6949926741e-01 8.4157118292e-01
2145 165.739 4.2769714751e-03 2.5509225629e-03 8.6968982671e-01 8.4266701530e-01
2146 165.816 4.2846411166e-03 2.5500187693e-03 8.6999806128e-01 8.4382641592e-01
2147 165.893 4.2923641869e-03 2.5488052756e-03 8.7034171004e-01 8.4496524066e-01
2148 165.971 4.3008623936e-03 2.5481133264e-03 8.7060051786e-01 8.4601839282e-01
2149 166.048 4.3092007934e-03 2.5475537461e-03 8.7081861587e-01 8.4699108276e-01
2150 166.125 4.3169995065e-03 2.5466852807e-03 8.7100836991e-01 8.4820474924e-01
2151 166.203 4.3249383886e-03 2.5455095135e-03 8.7140145801e-01 8.4937814431e-01
2152 166.280 4.3336838314e-03 2.5444467875e-03 8.7173379645e-01 8.5051575922e-01
2153 166.357 4.3421090304e-03 2.5439234898e-03 8.7198137563e-01 8.5156737758e-01
2154 166.435 4.3506982291e-03 2.5430937123e-03 8.7222149105e-01 8.5264361042e-01
2155 166.512 4.3585284093e-03 2.5419590071e-03 8.7247985931e-01 8.5387382894e-01
2156 166.589 4.3671493407e-03 2.5405630718e-03 8.7288664429e-01 8.5506083825e-01
2157 166.667 4.3763497205e-03 2.5400795366e-03 8.7320848941e-01 8.5619823340e-01
2158 166.744 4.3848173278e-03 2.5392918870e-03 8.7347383638e-01 8.5724929586e-01
2159 166.821 4.3935530429e-03 2.5382016463e-03 8.7371499411e-01 8.5845255095e-01
2160 166.899 4.4019076933e-03 2.5372982390e-03 8.7406467319e-01 8.5968411230e-01
2161 166.976 4.4077184408e-03 2.5358987948e-03 8.7431656975e-01 8.6069309326e-01
2162 167.053 4.4138627067e-03 2.5342517013e-03 8.7449315610e-01 8.6164431021e-01
2163 167.131 4.4193327997e-03 2.5334948214e-03 8.7463477832e-01 8.6251761638e-01
2164 167.208 4.4247576689e-03 2.5324559374e-03 8.7474190371e-01 8.6358045929e-01
2165 167.285 4.4308197252e-03 2.5311368999e-03 8.7495744343e-01 8.6462955424e-01
2166 167.363 4.4369219157e-03 2.5295396196e-03 8.7521548324e-01 8.6563613547e-01
2167 167.440 4.4430266136e-03 2.5281998386e-03 8.7539818124e-01 8.6660183986e-01
2168 167.517 4.4487882455e-03 2.5272413508e-03 8.7554033576e-01 8.6748930956e-01
2169 167.595 4.4544369579e-03 2.5260049455e-03 8.7565333651e-01 8.6856758688e-01
2170 167.672 4.4612505231e-03 2.5244924860e-03 8.7586051509e-01 8.6963229715e-01
2171 167.749 4.4676271904e-03 2.5227059008e-03 8.7612507824e-01 8.7064086038e-01
2172 167.827 4.4737092038e-03 2.5216998112e-03 8.7631430988e-01 8.7162165967e-01
2173 167.904 4.4797643585e-03 2.5205480610e-03 8.7646598061e-01 8.7252390362e-01
2174 167.981 4.4864301253e-03 2.5191224175e-03 8.7658530258e-01 8.7362881935e-01
2175 168.059 4.4932435579e-03 2.5174247654e-03 8.7678728577e-01 8.7470980403e-01
2176 168.136 4.4999212420e-03 2.5158720294e-03 8.7705882530e-01 8.7571939708e-01
2177 168.213 4.5059987274e-03 2.5148069272e-03 8.7725504177e-01 8.7671594124e-01
2178 168.291 4.5127705982e-03 2.5134700603e-03 8.7740989476e-01 8.7763360470e-01
2179 168.368 4.5200498142e-03 2.5118632712e-03 8.7753598669e-01 8.7876937456e-01
2180 168.445 4.5268824983e-03 2.5105844659e-03 8.7774655969e-01 8.7986732172e-01
2181 168.523 4.5338479806e-03 2.5093290250e-03 8.7802553855e-01 8.8088575979e-01
2182 168.600 4.5401916562e-03 2.5079578987e-03 8.7822920022e-01 8.8188667142e-01
2183 168.677 4.5478179998e-03 2.5073460924e-03 8.7838884165e-01 8.8282042501e-01
2184 168.755 4.5553768277e-03 2.5064600887e-03 8.7852216222e-01 8.8399733767e-01
2185 168.832 4.5622770411e-03 2.5053015396e-03 8.7873695048e-01 8.8511297238e-01
2186 168.910 4.5694986786e-03 2.5038721630e-03 8.7902384136e-01 8.8614876533e-01
2187 168.987 4.5768800030e-03 2.5028304903e-03 8.7923541846e-01 8.8714730524e-01
2188 169.064 4.5845726769e-03 2.5020414697e-03 8.7940604123e-01 8.8814213820e-01
2189 169.142 4.5924114829e-03 2.5009818526e-03 8.7954706036e-01 8.8932694113e-01
2190 169.219 4.5996173894e-03 2.4996533118e-03 8.7977318040e-01 8.9046103744e-01
2191 169.296 4.6069017208e-03 2.4980941556e-03 8.8006847418e-01 8.9151495232e-01
2192 169.374 4.6153300391e-03 2.4974042013e-03 8.8028845379e-01 8.9251062543e-01
2193 169.451 4.6231291853e-03 2.4964455660e-03 8.8046474246e-01 8.9357020208e-01
2194 169.528 4.6312462234e-03 2.4952198794e-03 8.8061394446e-01 8.9475890418e-01
2195 169.606 4.6387011756e-03 2.4937288327e-03 8.8086138209e-01 8.9591227225e-01
2196 169.683 4.6468861505e-03 2.4925754531e-03 8.8116558842e-01 8.9698511219e-01
2197 169.760 4.6556298743e-03 2.4917199031e-03 8.8139447590e-01 8.9798054270e-01
2198 169.838 4.6636816326e-03 2.4905991357e-03 8.8157943842e-01 8.9910986977e-01
2199 169.915 4.6719134499e-03 2.4892148001e-03 8.8173732717e-01 9.0030001160e-01
2200 169.992 4.6799111424e-03 2.4877577314e-03 8.8200345620e-01 9.0147350954e-01
2201 170.070 4.6887318209e-03 2.4868269581e-03 8.8231710535e-01 9.0256612510e-01
2202 170.147 4.6977324685e-03 2.4858132503e-03 8.8255542650e-01 9.0357801084e-01
2203 170.224 4.7060431892e-03 2.4853094309e-03 8.8275262634e-01 9.0476726988e-01
2204 170.302 4.7144159484e-03 2.4846205811e-03 8.8291972668e-01 9.0596920800e-01
2205 170.379 4.7234978525e-03 2.4836655619e-03 8.8321460268e-01 9.0715655676e-01
2206 170.456 4.7324900901e-03 2.4824459009e-03 8.8353825363e-01 9.0826985633e-01
2207 170.534 4.7417223727e-03 2.4818571601e-03 8.8378656164e-01 9.0930205735e-01
2208 170.611 4.7503022343e-03 2.4812820172e-03 8.8399190521e-01 9.1054962684e-01
2209 170.688 4.7590664763e-03 2.4804423749e-03 8.8416876714e-01 9.1177380560e-01
2210 170.766 4.7689195359e-03 2.4793397153e-03 8.8449633741e-01 9.1296640843e-01
2211 170.843 4.7781117019e-03 2.4782270001e-03 8.8483057643e-01 9.1410135452e-01
2212 170.920 4.7876147034e-03 2.4777678846e-03 8.8508945164e-01 9.1515482429e-01
2213 170.998 4.7964164004e-03 2.4770459084e-03 8.8530934667e-01 9.1647079375e-01
2214 171.075 4.8061725586e-03 2.4760625098e-03 8.8549654976e-01 9.1771825441e-01
2215 171.152 4.8162693618e-03 2.4748191874e-03 8.8585243700e-01 9.1891396253e-01
2216 171.230 4.8256912002e-03 2.4741270502e-03 8.8619788170e-01 9.2007158355e-01
2217 171.307 4.8353919936e-03 2.4735251223e-03 8.8646793548e-01 9.2118296059e-01
2218 171.384 4.8447218384e-03 2.4726633294e-03 8.8670148043e-01 9.2253741708e-01
2219 171.462 4.8552194553e-03 2.4715431267e-03 8.8690668786e-01 9.2380926649e-01
2220 171.539 4.8655180001e-03 2.4704055276e-03 8.8729919350e-01 9.2501188036e-01
2221 171.616 4.8752003464e-03 2.4699261421e-03 8.8765650109e-01 9.2619327761e-01
2222 171.694 4.8851307071e-03 2.4691884047e-03 8.8793838302e-01 9.2737555816e-01
2223 171.771 4.8953691077e-03 2.4681937284e-03 8.8818054559e-01 9.2875597744e-01
2224 171.848 4.9061628123e-03 2.4673787622e-03 8.8843090894e-01 9.3005339235e-01
2225 171.926 4.9166618087e-03 2.4666711454e-03 8.8883382060e-01 9.3126790289e-01
2226 172.003 4.9266365920e-03 2.4657039034e-03 8.8920368382e-01 9.3246844490e-01
2227 172.080 4.9368081187e-03 2.4655702133e-03 8.8949807923e-01 9.3373085608e-01
2228 172.158 4.9479400354e-03 2.4652546938e-03 8.8975952913e-01 9.3513435437e-01
2229 172.235 4.9590629310e-03 2.4646796246e-03 8.9004599167e-01 9.3645858790e-01
2230 172.312 4.9697515669e-03 2.4638462961e-03 8.9046504502e-01 9.3769950169e-01
2231 172.390 4.9800519290e-03 2.4632010936e-03 8.9084819983e-01 9.3890626515e-01
2232 172.467 4.9910473284e-03 2.4630193885e-03 8.9115583657e-01 9.4026256357e-01
2233 172.544 5.0023680013e-03 2.4625795163e-03 8.9143140344e-01 9.4167516226e-01
2234 172.622 5.0101242896e-03 2.4613121627e-03 8.9163705425e-01 9.4282866291e-01
2235 172.699 5.0172500667e-03 2.4598120257e-03 8.9193175555e-01 9.4390740018e-01
2236 172.776 5.0241624412e-03 2.4588414787e-03 8.9220565354e-01 9.4492298370e-01
2237 172.854 5.0323344685e-03 2.4579675955e-03 8.9241293585e-01 9.4611586383e-01
2238 172.931 5.0401547273e-03 2.4568602691e-03 8.9255785280e-01 9.4731714794e-01
2239 173.008 5.0481995481e-03 2.4555210727e-03 8.9273563428e-01 9.4850779227e-01
2240 173.086 5.0555572381e-03 2.4539516165e-03 8.9303238037e-01 9.4962613845e-01
2241 173.163 5.0631475002e-03 2.4531129983e-03 8.9331956545e-01 9.5066942968e-01
2242 173.241 5.0718659681e-03 2.4521666233e-03 8.9355331221e-01 9.5183465329e-01
2243 173.318 5.0800556290e-03 2.4509895226e-03 8.9372056848e-01 9.5307712144e-01
2244 173.395 5.0883485514e-03 2.4495832596e-03 8.9386628789e-01 9.5425369108e-01
2245 173.473 5.0959130530e-03 2.4480578113e-03 8.9416618072e-01 9.5541252423e-01
2246 173.550 5.1045178944e-03 2.4472738203e-03 8.9444854637e-01 9.5649587430e-01
2247 173.627 5.1134681581e-03 2.4462602201e-03 8.9470921335e-01 9.5762772886e-01
2248 173.705 5.1220514526e-03 2.4450185303e-03 8.9490327272e-01 9.5891232534e-01
2249 173.782 5.1294888124e-03 2.4437645060e-03 8.9503806135e-01 9.6012072717e-01
2250 173.859 5.1371923190e-03 2.4428068336e-03 8.9532604128e-01 9.6127456744e-01
2251 173.937 5.1441394411e-03 2.4416177064e-03 8.9561087060e-01 9.6239891239e-01
2252 174.014 5.1509847117e-03 2.4406610448e-03 8.9588799705e-01 9.6350680152e-01
2253 174.091 5.1575764689e-03 2.4401044263e-03 8.9610932652e-01 9.6483451365e-01
2254 174.169 5.1639097703e-03 2.4393160431e-03 8.9626417475e-01 9.6608560551e-01
2255 174.246 5.1717846318e-03 2.4382972676e-03 8.9650768478e-01 9.6726023040e-01
2256 174.323 5.1789449854e-03 2.4370495094e-03 8.9682060359e-01 9.6839216358e-01
2257 174.401 5.1861887096e-03 2.4362566701e-03 8.9709137701e-01 9.6953137263e-01
2258 174.478 5.1929549005e-03 2.4356390637e-03 8.9734045217e-01 9.7085267016e-01
2259 174.555 5.2002866440e-03 2.4347921128e-03 8.9752292499e-01 9.7214748268e-01
2260 174.633 5.2083862687e-03 2.4337171804e-03 8.9772716681e-01 9.7336539158e-01
2261 174.710 5.2157515837e-03 2.4324156656e-03 8.9806866609e-01 9.7450655398e-01
2262 174.787 5.2234084521e-03 2.4317955942e-03 8.9834324984e-01 9.7565820794e-01
2263 174.865 5.2303812829e-03 2.4311220052e-03 8.9861563884e-01 9.7700752714e-01
2264 174.942 5.2387202344e-03 2.4302214194e-03 8.9882622830e-01 9.7831057009e-01
2265 175.019 5.2470048505e-03 2.4290951900e-03 8.9899057882e-01 9.7957283508e-01
2266 175.097 5.2548245310e-03 2.4278127519e-03 8.9936116742e-01 9.8075790549e-01
2267 175.174 5.2626855412e-03 2.4273141389e-03 8.9966471942e-01 9.8190007965e-01
2268 175.251 5.2700363556e-03 2.4265894944e-03 8.9993111525e-01 9.8329562420e-01
2269 175.329 5.2792291529e-03 2.4256401265e-03 9.0017032883e-01 9.8461326556e-01
2270 175.406 5.2877025480e-03 2.4244673785e-03 9.0034293031e-01 9.8595058673e-01
2271 175.483 5.2960067854e-03 2.4230726279e-03 9.0069829305e-01 9.8754788681e-01
2272 175.561 5.3040573043e-03 2.4214572858e-03 9.0103134094e-01 9.8910340249e-01
2273 175.638 5.3124427558e-03 2.4200363133e-03 9.0129797031e-01 9.9058085793e-01
2274 175.715 5.3218209248e-03 2.4196014009e-03 9.0156633820e-01 9.9200101291e-01
2275 175.793 5.3304637237e-03 2.4190772801e-03 9.0176796473e-01 9.9349757354e-01
2276 175.870 5.3392841393e-03 2.4183262286e-03 9.0210123909e-01 9.9511560480e-01
2277 175.947 5.3474899596e-03 2.4173494558e-03 9.0246434169e-01 9.9670987138e-01
2278 176.025 5.3569482510e-03 2.4161482089e-03 9.0276037855e-01 9.9824023829e-01
2279 176.102 5.3664690345e-03 2.4147237713e-03 9.0303063833e-01 9.9969187859e-01
2280 176.179 5.3755533635e-03 2.4134794862e-03 9.0326184667e-01 1.0011971902e+00
2281 176.257 5.3845922552e-03 2.4126890232e-03 9.0356870602e-01 1.0028715277e+00
2282 176.334 5.3928125608e-03 2.4116751171e-03 9.0396244974e-01 1.0044686139e+00
2283 176.411 5.4013052558e-03 2.4104390026e-03 9.0428899598e-01 1.0060533972e+00
2284 176.489 5.4089111588e-03 2.4089819501e-03 9.0455699651e-01 1.0075587769e+00
2285 176.566 5.4165445087e-03 2.4079399199e-03 9.0481837045e-01 1.0090598935e+00
2286 176.643 5.4233222142e-03 2.4071147770e-03 9.0512194589e-01 1.0107919102e+00
2287 176.721 5.4301065229e-03 2.4060683923e-03 9.0553242723e-01 1.0124435031e+00
2288 176.798 5.4357035851e-03 2.4048019879e-03 9.0589010131e-01 1.0140309552e+00
2289 176.875 5.4414545685e-03 2.4033168206e-03 9.0618065602e-01 1.0155916547e+00
2290 176.953 5.4462018043e-03 2.4024882010e-03 9.0645381174e-01 1.0170934312e+00
2291 177.030 5.4497538764e-03 2.4016330553e-03 9.0677849594e-01 1.0188846313e+00
2292 177.107 5.4535831077e-03 2.4005587910e-03 9.0719179178e-01 1.0205947581e+00
2293 177.185 5.4562734911e-03 2.3992666171e-03 9.0758125530e-01 1.0222239138e+00
2294 177.262 5.4578202723e-03 2.3978026395e-03 9.0790345513e-01 1.0238026264e+00
2295 177.340 5.4596410568e-03 2.3971403738e-03 9.0818027286e-01 1.0253396339e+00
2296 177.417 5.4605179642e-03 2.3962598730e-03 9.0851918694e-01 1.0269264780e+00
2297 177.494 5.4708139100e-03 2.3951622985e-03 9.0894027768e-01 1.0287656668e+00
2298 177.572 5.4862620433e-03 2.3939497246e-03 9.0936151057e-01 1.0305234473e+00
2299 177.649 5.5026724799e-03 2.3930453399e-03 9.0971605364e-01 1.0321998559e+00
2300 177.726 5.5200258680e-03 2.3919277589e-03 9.1000339337e-01 1.0337949380e+00
2301 177.804 5.5367331496e-03 2.3911275268e-03 9.1036112701e-01 1.0353087491e+00
2302 177.881 5.5531806517e-03 2.3906436805e-03 9.1081565815e-01 1.0367748959e+00
2303 177.958 5.5627266103e-03 2.3894935356e-03 9.1112394373e-01 1.0385151964e+00
2304 178.036 5.5735124361e-03 2.3881436952e-03 9.1140622323e-01 1.0401835911e+00
2305 178.113 5.5847612563e-03 2.3865954767e-03 9.1162939296e-01 1.0417802016e+00
2306 178.190 5.5956898178e-03 2.3853276036e-03 9.1179845624e-01 1.0433051262e+00
2307 178.268 5.6062817914e-03 2.3843932892e-03 9.1218086520e-01 1.0447584618e+00
2308 178.345 5.6162019513e-03 2.3832600174e-03 9.1250382207e-01 1.0461403104e+00
2309 178.422 5.6278682875e-03 2.3819289863e-03 9.1279551151e-01 1.0474507810e+00
2310 178.500 5.6398344865e-03 2.3804014119e-03 9.1306116964e-01 1.0491011636e+00
2311 178.577 5.6515303315e-03 2.3790410944e-03 9.1326774621e-01 1.0507589449e+00
2312 178.654 5.6625076789e-03 2.3781252486e-03 9.1353672215e-01 1.0523442642e+00
2313 178.732 5.6732074197e-03 2.3770122365e-03 9.1390316121e-01 1.0538571408e+00
2314 178.809 5.6857370527e-03 2.3757032268e-03 9.1421013939e-01 1.0552975614e+00
2315 178.886 5.6985086956e-03 2.3741994074e-03 9.1448674713e-01 1.0566654722e+00
2316 178.964 5.7106177390e-03 2.3727854062e-03 9.1473617193e-01 1.0580390682e+00
2317 179.041 5.7224168611e-03 2.3718912874e-03 9.1510932037e-01 1.0596955112e+00
2318 179.118 5.7338478402e-03 2.3708017132e-03 9.1545964099e-01 1.0612786435e+00
2319 179.196 5.7473147283e-03 2.3695178299e-03 9.1576648943e-01 1.0627883679e+00
2320 179.273 5.7605682177e-03 2.3680408021e-03 9.1605798883e-01 1.0642373813e+00
2321 179.350 5.7735312550e-03 2.3665828382e-03 9.1637787357e-01 1.0656550476e+00
2322 179.428 5.7861180307e-03 2.3657135847e-03 9.1682907960e-01 1.0671455518e+00
2323 179.505 5.7979963573e-03 2.3646505287e-03 9.1722543964e-01 1.0687871371e+00
2324 179.582 5.8123404768e-03 2.3633947929e-03 9.1756175723e-01 1.0703672760e+00
2325 179.660 5.8265392912e-03 2.3619475184e-03 9.1786216461e-01 1.0718728931e+00
2326 179.737 5.8402940670e-03 2.3604661721e-03 9.1813891036e-01 1.0733038242e+00
2327 179.814 5.8534064653e-03 2.3596248839e-03 9.1857774902e-01 1.0747786444e+00
2328 179.892 5.8663904354e-03 2.3585913857e-03 9.1901071915e-01 1.0764463538e+00
2329 179.969 5.8814614073e-03 2.3573667767e-03 9.1939365665e-01 1.0780505696e+00
2330 180.046 5.8964691976e-03 2.3559521744e-03 9.1971641932e-01 1.0796271356e+00
2331 180.124 5.9107514275e-03 2.3544734591e-03 9.2000872470e-01 1.0811281223e+00
2332 180.201 5.9250254741e-03 2.3536631953e-03 9.2040463910e-01 1.0825533820e+00
2333 180.278 5.9386236242e-03 2.3526622509e-03 9.2083765657e-01 1.0842745587e+00
2334 180.356 5.9544763780e-03 2.3514717021e-03 9.2126428179e-01 1.0859422605e+00
2335 180.433 5.9701089517e-03 2.3505098803e-03 9.2163419411e-01 1.0875345764e+00
2336 180.510 5.9856791076e-03 2.3494893428e-03 9.2194383841e-01 1.0890795948e+00
2337 180.588 6.0004984727e-03 2.3482752712e-03 9.2227439847e-01 1.0905760550e+00
2338 180.665 6.0149181178e-03 2.3470864828e-03 9.2275632033e-01 1.0922419042e+00
2339 180.742 6.0313838197e-03 2.3464883886e-03 9.2317702600e-01 1.0939858862e+00
2340 180.820 6.0482485195e-03 2.3456962606e-03 9.2359448292e-01 1.0956536615e+00
2341 180.897 6.0643412887e-03 2.3447110530e-03 9.2395182192e-01 1.0972451257e+00
2342 180.974 6.0801900658e-03 2.3435337415e-03 9.2424881963e-01 1.0987601762e+00
2343 181.052 6.0955594383e-03 2.3423222251e-03 9.2474018542e-01 1.1004498560e+00
2344 181.129 6.1126657927e-03 2.3417596046e-03 9.2521028903e-01 1.1022133303e+00
2345 181.206 6.1300668756e-03 2.3410043675e-03 9.2562090974e-01 1.1039338203e+00
2346 181.284 6.1474366136e-03 2.3400574451e-03 9.2602686798e-01 1.1056020452e+00
2347 181.361 6.1641134678e-03 2.3389197903e-03 9.2637215058e-01 1.1071930807e+00
2348 181.439 6.1802502254e-03 2.3376972880e-03 9.2679208029e-01 1.1088443472e+00
2349 181.516 6.1977039126e-03 2.3371731952e-03 9.2731245539e-01 1.1106888524e+00
2350 181.593 6.2165287955e-03 2.3364578441e-03 9.2777131389e-01 1.1124561734e+00
2351 181.671 6.2344941232e-03 2.3355521434e-03 9.2817929083e-01 1.1141462334e+00
2352 181.748 6.2522260341e-03 2.3344570231e-03 9.2862956623e-01 1.1158130556e+00
2353 181.825 6.2694228135e-03 2.3332267006e-03 9.2923915796e-01 1.1174472447e+00
2354 181.903 6.2872534501e-03 2.3327441530e-03 9.2978767835e-01 1.1193596255e+00
2355 181.980 6.3067089454e-03 2.3320716483e-03 9.3027405293e-01 1.1212095748e+00
2356 182.057 6.3260767428e-03 2.3312100724e-03 9.3075207333e-01 1.1229814897e+00
2357 182.135 6.3445867036e-03 2.3301603323e-03 9.3116932496e-01 1.1246752916e+00
2358 182.212 6.3627634848e-03 2.3289270526e-03 9.3152444539e-01 1.1263400585e+00
2359 182.289 6.3806754485e-03 2.3284889530e-03 9.3188023824e-01 1.1282949481e+00
2360 182.367 6.4015135288e-03 2.3278621422e-03 9.3236213134e-01 1.1301832455e+00
2361 182.444 6.4214878215e-03 2.3270474830e-03 9.3280393429e-01 1.1320396282e+00
2362 182.521 6.4414045969e-03 2.3260458594e-03 9.3321857492e-01 1.1338171409e+00
2363 182.599 6.4604285696e-03 2.3248581759e-03 9.3357129505e-01 1.1355157108e+00
2364 182.676 6.4791348690e-03 2.3243504656e-03 9.3387792637e-01 1.1375068460e+00
2365 182.753 6.5002340790e-03 2.3237717451e-03 9.3416141326e-01 1.1394716417e+00
2366 182.831 6.5215948888e-03 2.3230063525e-03 9.3442851794e-01 1.1413572785e+00
2367 182.908 6.5421811971e-03 2.3220551483e-03 9.3486951544e-01 1.1431985920e+00
2368 182.985 6.5548800964e-03 2.3209254113e-03 9.3514970633e-01 1.1446694897e+00
2369 183.063 6.5667045838e-03 2.3198032305e-03 9.3538017231e-01 1.1462437592e+00
2370 183.140 6.5799059765e-03 2.3192306903e-03 9.3556117319e-01 1.1479622807e+00
2371 183.217 6.5947048380e-03 2.3185010177e-03 9.3571371650e-01 1.1496151259e+00
2372 183.295 6.6088418827e-03 2.3176149296e-03 9.3591422890e-01 1.1512023605e+00
2373 183.372 6.6222339939e-03 2.3165727823e-03 9.3621099965e-01 1.1527240363e+00
2374 183.449 6.6354175643e-03 2.3153745545e-03 9.3647580894e-01 1.1541802003e+00
2375 183.527 6.6484098150e-03 2.3140593719e-03 9.3671643619e-01 1.1558857095e+00
2376 183.604 6.6641085180e-03 2.3130736567e-03 9.3690530640e-01 1.1575913849e+00
2377 183.681 6.6794751431e-03 2.3122681716e-03 9.3704181435e-01 1.1592332078e+00
2378 183.759 6.6941146357e-03 2.3115330489e-03 9.3725161857e-01 1.1608539944e+00
2379 183.836 6.7080750776e-03 2.3106890261e-03 9.3756141170e-01 1.1624085006e+00
2380 183.913 6.7217810359e-03 2.3101243442e-03 9.3782076096e-01 1.1638967737e+00
2381 183.991 6.7380885128e-03 2.3093626784e-03 9.3802943932e-01 1.1656709695e+00
2382 184.068 6.7543362000e-03 2.3084085296e-03 9.3820237358e-01 1.1674128456e+00
2383 184.145 6.7703370390e-03 2.3074405708e-03 9.3834149398e-01 1.1690879636e+00
2384 184.223 6.7854716517e-03 2.3071905015e-03 9.3857886617e-01 1.1706963746e+00
2385 184.300 6.8000643797e-03 2.3067426957e-03 9.3888396974e-01 1.1722393787e+00
2386 184.377 6.8163203134e-03 2.3061003032e-03 9.3915327732e-01 1.1738494690e+00
2387 184.455 6.8341038265e-03 2.3052661288e-03 9.3937096116e-01 1.1756483315e+00
2388 184.532 6.8508884215e-03 2.3042873566e-03 9.3953685877e-01 1.1774034454e+00
2389 184.609 6.8675834487e-03 2.3041097991e-03 9.3965084296e-01 1.1791149936e+00
2390 184.687 6.8832748634e-03 2.3037419136e-03 9.3994242319e-01 1.1807591345e+00
2391 184.764 6.8992765848e-03 2.3031853433e-03 9.4023377845e-01 1.1823359189e+00
2392 184.841 6.9183408102e-03 2.3024416497e-03 9.4048093112e-01 1.1840469479e+00
2393 184.919 6.9366830727e-03 2.3015123034e-03 9.4070741412e-01 1.1858849468e+00
2394 184.996 6.9542511636e-03 2.3013355521e-03 9.4088172001e-01 1.1876549825e+00
2395 185.073 6.9714815657e-03 2.3010381985e-03 9.4100386370e-01 1.1893571096e+00
2396 185.151 6.9877414623e-03 2.3005575666e-03 9.4132340118e-01 1.1910170473e+00
2397 185.228 7.0072395224e-03 2.2998944972e-03 9.4162715667e-01 1.1926299737e+00
2398 185.305 7.0271776493e-03 2.2990498317e-03 9.4187963974e-01 1.1944614061e+00
2399 185.383 7.0460920403e-03 2.2988249651e-03 9.4208081579e-01 1.1963397127e+00
2400 185.460 7.0645330725e-03 2.2985974686e-03 9.4223759771e-01 1.1981493705e+00
2401 185.537 7.0823109416e-03 2.2981912259e-03 9.4239895538e-01 1.1998904288e+00
2402 185.615 7.1015029174e-03 2.2976066450e-03 9.4272680656e-01 1.2015629398e+00
2403 185.692 7.1225463938e-03 2.2968441736e-03 9.4303987082e-01 1.2032669848e+00
2404 185.770 7.1431385700e-03 2.2965652298e-03 9.4330443395e-01 1.2052090853e+00
2405 185.847 7.1626420772e-03 2.2964102394e-03 9.4351740215e-01 1.2070819626e+00
2406 185.924 7.1820101816e-03 2.2960802443e-03 9.4367882792e-01 1.2088926216e+00
2407 186.002 7.2005898500e-03 2.2955753870e-03 9.4389495185e-01 1.2106739419e+00
2408 186.079 7.2230803039e-03 2.2948958649e-03 9.4423744272e-01 1.2123860272e+00
2409 186.156 7.2451968858e-03 2.2945625141e-03 9.4452882074e-01 1.2142436262e+00
2410 186.234 7.2663159810e-03 2.2944840891e-03 9.4478090795e-01 1.2162296312e+00
2411 186.311 7.2868905748e-03 2.2942337444e-03 9.4500645844e-01 1.2181457307e+00
2412 186.388 7.3068644019e-03 2.2938114596e-03 9.4518038481e-01 1.2199919723e+00
2413 186.466 7.3288690799e-03 2.2932172734e-03 9.4544802707e-01 1.2217684067e+00
2414 186.543 7.3523270742e-03 2.2928253363e-03 9.4580538603e-01 1.2235184274e+00
2415 186.620 7.3752466639e-03 2.2928281481e-03 9.4611134067e-01 1.2255736429e+00
2416 186.698 7.3971197802e-03 2.2926615928e-03 9.4636594526e-01 1.2275583200e+00
2417 186.775 7.4187117706e-03 2.2923255516e-03 9.4656927053e-01 1.2295129194e+00
2418 186.852 7.4395888376e-03 2.2918199633e-03 9.4675283517e-01 1.2314033132e+00
2419 186.930 7.4645321527e-03 2.2914002674e-03 9.4709907951e-01 1.2332232031e+00
2420 187.007 7.4892689856e-03 2.2914892523e-03 9.4745904355e-01 1.2351626308e+00
2421 187.084 7.5127597838e-03 2.2914109906e-03 9.4778014432e-01 1.2372658924e+00
2422 187.162 7.5359354023e-03 2.2911653054e-03 9.4804971757e-01 1.2392979286e+00
2423 187.239 7.5581963567e-03 2.2907520728e-03 9.4826786773e-01 1.2412587815e+00
2424 187.316 7.5820918492e-03 2.2903052568e-03 9.4849025525e-01 1.2431508590e+00
2425 187.394 7.6084648439e-03 2.2904854598e-03 9.4889248720e-01 1.2450160094e+00
2426 187.471 7.6338219894e-03 2.2905001849e-03 9.4924333379e-01 1.2471795172e+00
2427 187.548 7.6585656109e-03 2.2903492221e-03 9.4955301666e-01 1.2493155491e+00
2428 187.626 7.6825208960e-03 2.2900324096e-03 9.4983838736e-01 1.2513969254e+00
2429 187.703 7.6966157360e-03 2.2891025393e-03 9.4999995793e-01 1.2530949940e+00
2430 187.780 7.7146279345e-03 2.2887546744e-03 9.5016498955e-01 1.2547346011e+00
2431 187.858 7.7327917192e-03 2.2883756084e-03 9.5049306464e-01 1.2563518138e+00
2432 187.935 7.7500943043e-03 2.2878566764e-03 9.5077992405e-01 1.2582548221e+00
2433 188.012 7.7668671036e-03 2.2904955727e-03 9.5102564752e-01 1.2600988033e+00
2434 188.090 7.7824568931e-03 2.2938535353e-03 9.5123031098e-01 1.2618838503e+00
2435 188.167 7.7985378300e-03 2.2966355844e-03 9.5139399570e-01 1.2636100610e+00
2436 188.244 7.8187375026e-03 2.2988343706e-03 9.5152373534e-01 1.2652845938e+00
2437 188.322 7.8377046465e-03 2.3004568977e-03 9.5181034729e-01 1.2669299668e+00
2438 188.399 7.8561957285e-03 2.3015237018e-03 9.5209869264e-01 1.2688130226e+00
2439 188.476 7.8735116032e-03 2.3030036999e-03 9.5236294746e-01 1.2706977611e+00
2440 188.554 7.8905291937e-03 2.3046869878e-03 9.5259894218e-01 1.2725503375e+00
2441 188.631 7.9096884713e-03 2.3059269387e-03 9.5279379229e-01 1.2743434122e+00
2442 188.708 7.9304898137e-03 2.3067623941e-03 9.5294760700e-01 1.2760770818e+00
2443 188.786 7.9509848242e-03 2.3072359082e-03 9.5311508401e-01 1.2777514437e+00
2444 188.863 7.9701154291e-03 2.3073917041e-03 9.5343607240e-01 1.2796130999e+00
2445 188.940 7.9888412030e-03 2.3072738137e-03 9.5371582638e-01 1.2815585149e+00
2446 189.018 8.0065138891e-03 2.3069245030e-03 9.5395442588e-01 1.2834437386e+00
2447 189.095 8.0287332114e-03 2.3063830369e-03 9.5415195806e-01 1.2852688685e+00
2448 189.172 8.0511271883e-03 2.3064674495e-03 9.5432638008e-01 1.2870340026e+00
2449 189.250 8.0722861019e-03 2.3071701570e-03 9.5447098058e-01 1.2887553243e+00
2450 189.327 8.0928615595e-03 2.3076044919e-03 9.5474378989e-01 1.2906231995e+00
2451 189.404 8.1124435827e-03 2.3077990436e-03 9.5504870618e-01 1.2926040090e+00
2452 189.482 8.1325550213e-03 2.3077818695e-03 9.5532009375e-01 1.2945452670e+00
2453 189.559 8.1569999358e-03 2.3075796882e-03 9.5555023885e-01 1.2964406102e+00
2454 189.636 8.1802060260e-03 2.3072172620e-03 9.5573925015e-01 1.2982752900e+00
2455 189.714 8.2027842101e-03 2.3077795638e-03 9.5588724418e-01 1.3000494012e+00
2456 189.791 8.2243815686e-03 2.3084016126e-03 9.5609899244e-01 1.3019079132e+00
2457 189.869 8.2451380671e-03 2.3088091594e-03 9.5641548279e-01 1.3039620200e+00
2458 189.946 8.2686195929e-03 2.3090218018e-03 9.5669066167e-01 1.3059546546e+00
2459 190.023 8.2941122978e-03 2.3090585426e-03 9.5692519274e-01 1.3078859094e+00
2460 190.101 8.3188585083e-03 2.3089373545e-03 9.5714735552e-01 1.3097558781e+00
2461 190.178 8.3424851512e-03 2.3092384143e-03 9.5732837540e-01 1.3115646558e+00
2462 190.255 8.3653601838e-03 2.3100025089e-03 9.5746838782e-01 1.3134837039e+00
2463 190.333 8.3874543632e-03 2.3105706126e-03 9.5780534232e-01 1.3155773752e+00
2464 190.410 8.4085028576e-03 2.3109570574e-03 9.5811465713e-01 1.3176108902e+00
2465 190.487 8.4290538804e-03 2.3111759169e-03 9.5838257384e-01 1.3196161464e+00
2466 190.565 8.4484738594e-03 2.3112406953e-03 9.5860920100e-01 1.3215594417e+00
2467 190.642 8.4675866027e-03 2.3115038354e-03 9.5879465330e-01 1.3234408660e+00
2468 190.719 8.4856684125e-03 2.3123852690e-03 9.5894100571e-01 1.3253778545e+00
2469 190.797 8.5030838401e-03 2.3130844263e-03 9.5926012321e-01 1.3275488855e+00
2470 190.874 8.5210345786e-03 2.3136121924e-03 9.5957455578e-01 1.3296571234e+00
2471 190.951 8.5423937833e-03 2.3139793502e-03 9.5986233236e-01 1.3317026535e+00
2472 191.029 8.5628965359e-03 2.3141963552e-03 9.6012342138e-01 1.3336855636e+00
2473 191.106 8.5824735783e-03 2.3145265238e-03 9.6034319067e-01 1.3356059434e+00
2474 191.183 8.6016314656e-03 2.3155114197e-03 9.6052176903e-01 1.3376466296e+00
2475 191.261 8.6195952486e-03 2.3163243739e-03 9.6078639643e-01 1.3398619763e+00
2476 191.338 8.6373276061e-03 2.3169739115e-03 9.6113629929e-01 1.3420138418e+00
2477 191.415 8.6541003419e-03 2.3174685293e-03 9.6144460186e-01 1.3441224435e+00
2478 191.493 8.6701743037e-03 2.3179208096e-03 9.6171141241e-01 1.3461830323e+00
2479 191.570 8.6857818163e-03 2.3185475384e-03 9.6193684412e-01 1.3481803949e+00
2480 191.647 8.7055386890e-03 2.3193364922e-03 9.6214520883e-01 1.3502867364e+00
2481 191.725 8.7251675362e-03 2.3202530583e-03 9.6238238954e-01 1.3525841813e+00
2482 191.802 8.7436105691e-03 2.3210124402e-03 9.6274134141e-01 1.3548174584e+00
2483 191.879 8.7617421824e-03 2.3216463205e-03 9.6308560913e-01 1.3569866449e+00
2484 191.957 8.7790084550e-03 2.3225043234e-03 9.6338821855e-01 1.3590918209e+00
2485 192.034 8.7956526447e-03 2.3232475266e-03 9.6364928849e-01 1.3611330693e+00
2486 192.111 8.8069222724e-03 2.3232903808e-03 9.6382781777e-01 1.3630517385e+00
2487 192.189 8.8172772128e-03 2.3235527185e-03 9.6397373464e-01 1.3650801970e+00
2488 192.266 8.8272718264e-03 2.3238038280e-03 9.6429372279e-01 1.3670561358e+00
2489 192.343 8.8361157361e-03 2.3240807799e-03 9.6459310177e-01 1.3689797514e+00
2490 192.421 8.8446887495e-03 2.3244555064e-03 9.6485926196e-01 1.3708532411e+00
2491 192.498 8.8524110817e-03 2.3247347916e-03 9.6509228770e-01 1.3726991950e+00
2492 192.575 8.8635085935e-03 2.3249250684e-03 9.6529550772e-01 1.3744931949e+00
2493 192.653 8.8774776576e-03 2.3250343191e-03 9.6548526168e-01 1.3765099867e+00
2494 192.730 8.8898083420e-03 2.3251326539e-03 9.6564210764e-01 1.3785743024e+00
2495 192.807 8.9005142543e-03 2.3255631393e-03 9.6592325245e-01 1.3805909248e+00
2496 192.885 8.9096065177e-03 2.3260894653e-03 9.6622960191e-01 1.3825547076e+00
2497 192.962 8.9185588639e-03 2.3265319296e-03 9.6650726671e-01 1.3844657569e+00
2498 193.039 8.9264801951e-03 2.3268944516e-03 9.6675169534e-01 1.3863241785e+00
2499 193.117 8.9339060661e-03 2.3271857290e-03 9.6696297424e-01 1.3881844167e+00
2500 193.194 8.9408392108e-03 2.3274143766e-03 9.6714119219e-01 1.3903238117e+00
2501 193.271 8.9468678997e-03 2.3275884632e-03 9.6728644020e-01 1.3924095698e+00
2502 193.349 8.9528215303e-03 2.3280678580e-03 9.6758525863e-01 1.3944417973e+00
2503 193.426 8.9580247517e-03 2.3286852727e-03 9.6788550360e-01 1.3964206003e+00
2504 193.503 8.9625408112e-03 2.3292273765e-03 9.6815238220e-01 1.3983460852e+00
2505 193.581 8.9670634287e-03 2.3297008741e-03 9.6838597526e-01 1.4002183582e+00
2506 193.658 8.9707647461e-03 2.3301117203e-03 9.6858636560e-01 1.4022842138e+00
2507 193.735 8.9740772611e-03 2.3304648431e-03 9.6877105374e-01 1.4044419528e+00
2508 193.813 8.9772209288e-03 2.3307639009e-03 9.6892793390e-01 1.4065454507e+00
2509 193.890 8.9795668347e-03 2.3312462574e-03 9.6922793781e-01 1.4085948138e+00
2510 193.968 8.9818225123e-03 2.3319593757e-03 9.6952988124e-01 1.4106086396e+00
2511 194.045 8.9913725753e-03 2.3326015508e-03 9.6980905720e-01 1.4125758960e+00
2512 194.122 9.0056026913e-03 2.3331764788e-03 9.7005484670e-01 1.4144893511e+00
2513 194.200 9.0308811312e-03 2.3336868196e-03 9.7026733758e-01 1.4167363326e+00
2514 194.277 9.0588845071e-03 2.3341340926e-03 9.7044661931e-01 1.4189392922e+00
2515 194.354 9.0843886105e-03 2.3345186172e-03 9.7059359911e-01 1.4210874257e+00
2516 194.432 9.1076348484e-03 2.3350816676e-03 9.7093009652e-01 1.4231808356e+00
2517 194.509 9.1283253491e-03 2.3358777901e-03 9.7123297880e-01 1.4252196247e+00
2518 194.586 9.1465046865e-03 2.3366004476e-03 9.7150232760e-01 1.4272038962e+00
2519 194.664 9.1743803278e-03 2.3372508447e-03 9.7173822607e-01 1.4293698371e+00
2520 194.741 9.2052414022e-03 2.3378292534e-03 9.7194121200e-01 1.4316496031e+00
2521 194.818 9.2336843984e-03 2.3383350131e-03 9.7213295323e-01 1.4338738067e+00
2522 194.896 9.2598442549e-03 2.3387665630e-03 9.7232194188e-01 1.4360425498e+00
2523 194.973 9.2841218694e-03 2.3395340424e-03 9.7264937776e-01 1.4381559347e+00
2524 195.050 9.3060185829e-03 2.3403922848e-03 9.7296465797e-01 1.4402140641e+00
2525 195.128 9.3363574778e-03 2.3411709837e-03 9.7324704968e-01 1.4423217994e+00
2526 195.205 9.3700761439e-03 2.3418697206e-03 9.7349588865e-01 1.4446816779e+00
2527 195.282 9.4017944446e-03 2.3424873677e-03 9.7371126267e-01 1.4469852396e+00
2528 195.360 9.4312388482e-03 2.3430221336e-03 9.7389326065e-01 1.4492325849e+00
2529 195.437 9.4583931575e-03 2.3435891467e-03 9.7413735211e-01 1.4514448949e+00
2530 195.514 9.4840330774e-03 2.3445748235e-03 9.7447839063e-01 1.4536051933e+00
2531 195.592 9.5168232940e-03 2.3454744707e-03 9.7478563295e-01 1.4557934722e+00
2532 195.669 9.5534815757e-03 2.3462873121e-03 9.7505916194e-01 1.4582371839e+00
2533 195.746 9.5880086947e-03 2.3470120352e-03 9.7529906160e-01 1.4606238080e+00
2534 195.824 9.6208623907e-03 2.3476468393e-03 9.7551984596e-01 1.4629534410e+00
2535 195.901 9.6518364796e-03 2.3481894960e-03 9.7571501892e-01 1.4652261808e+00
2536 195.978 9.6806095154e-03 2.3491544833e-03 9.7602429779e-01 1.4674421264e+00
2537 196.056 9.7147250621e-03 2.3501709863e-03 9.7636182395e-01 1.4698918292e+00
2538 196.133 9.7543905871e-03 2.3510948977e-03 9.7668296800e-01 1.4724233913e+00
2539 196.210 9.7925140382e-03 2.3519248726e-03 9.7697028785e-01 1.4748970807e+00
2540 196.288 9.8068685220e-03 2.3521907462e-03 9.7719199337e-01 1.4768086505e+00
2541 196.365 9.8190732608e-03 2.3523776528e-03 9.7739106611e-01 1.4786799546e+00
2542 196.442 9.8297063245e-03 2.3525712528e-03 9.7756750709e-01 1.4805121155e+00
2543 196.520 9.8410033444e-03 2.3532026454e-03 9.7776065890e-01 1.4823092039e+00
2544 196.597 9.8620419057e-03 2.3537553163e-03 9.7806522709e-01 1.4844372182e+00
2545 196.674 9.8815184362e-03 2.3542280343e-03 9.7834679016e-01 1.4865207747e+00
2546 196.752 9.8989220281e-03 2.3546192965e-03 9.7860540266e-01 1.4885604204e+00
2547 196.829 9.9146606193e-03 2.3549273761e-03 9.7884111772e-01 1.4905568473e+00
2548 196.906 9.9287832057e-03 2.3551503713e-03 9.7905398762e-01 1.4925108037e+00
2549 196.984 9.9407988543e-03 2.3553373125e-03 9.7924406386e-01 1.4944230371e+00
2550 197.061 9.9634159462e-03 2.3560256109e-03 9.7941139723e-01 1.4962942589e+00
2551 197.138 9.9861029720e-03 2.3566298299e-03 9.7955603776e-01 1.4982146905e+00
2552 197.216 1.0006870527e-02 2.3571486239e-03 9.7983244631e-01 1.5003694875e+00
2553 197.293 1.0026408112e-02 2.3575804852e-03 9.8010604418e-01 1.5024813105e+00
2554 197.370 1.0043884432e-02 2.3579237826e-03 9.8035662444e-01 1.5045504582e+00
2555 197.448 1.0059696668e-02 2.3581768007e-03 9.8058423774e-01 1.5065772732e+00
2556 197.525 1.0080776455e-02 2.3584433744e-03 9.8078893411e-01 1.5085621273e+00
2557 197.602 1.0106973123e-02 2.3591805751e-03 9.8097148424e-01 1.5105054073e+00
2558 197.680 1.0131627996e-02 2.3598289995e-03 9.8114319362e-01 1.5124075034e+00
2559 197.757 1.0154760356e-02 2.3603873380e-03 9.8129205858e-01 1.5145020068e+00
2560 197.834 1.0175863744e-02 2.3608541931e-03 9.8149279562e-01 1.5166877908e+00
2561 197.912 1.0195752270e-02 2.3612281115e-03 9.8175923132e-01 1.5188307421e+00
2562 197.989 1.0214333488e-02 2.3615076157e-03 9.8200699252e-01 1.5209310907e+00
2563 198.066 1.0244411002e-02 2.3619117127e-03 9.8223969939e-01 1.5229890875e+00
2564 198.144 1.0273182536e-02 2.3626921998e-03 9.8244933346e-01 1.5250049988e+00
2565 198.221 1.0300264733e-02 2.3633799069e-03 9.8263594512e-01 1.5269791007e+00
2566 198.299 1.0325356654e-02 2.3639736353e-03 9.8279958381e-01 1.5289856127e+00
2567 198.376 1.0349383169e-02 2.3644721507e-03 9.8294029793e-01 1.5312479979e+00
2568 198.453 1.0371371012e-02 2.3648742084e-03 9.8310848144e-01 1.5334671591e+00
2569 198.531 1.0398512264e-02 2.3651785786e-03 9.8338057808e-01 1.5356432795e+00
2570 198.608 1.0431553082e-02 2.3657523130e-03 9.8362942609e-01 1.5377765566e+00
2571 198.685 1.0463011191e-02 2.3665724082e-03 9.8385507579e-01 1.5398671998e+00
2572 198.763 1.0492492998e-02 2.3672963538e-03 9.8405757661e-01 1.5419154278e+00
2573 198.840 1.0520933707e-02 2.3679230979e-03 9.8423697708e-01 1.5439214660e+00
2574 198.917 1.0547365317e-02 2.3684515886e-03 9.8439332472e-01 1.5462345463e+00
2575 198.995 1.0572225034e-02 2.3690196911e-03 9.8452666603e-01 1.5485343658e+00
2576 199.072 1.0606480101e-02 2.3697580961e-03 9.8470057041e-01 1.5507936386e+00
2577 199.149 1.0642808784e-02 2.3704069849e-03 9.8496653315e-01 1.5530096874e+00
2578 199.227 1.0677185078e-02 2.3709658044e-03 9.8520917187e-01 1.5551827305e+00
2579 199.304 1.0710185656e-02 2.3716254163e-03 9.8542853526e-01 1.5573129869e+00
2580 199.381 1.0741550227e-02 2.3722841239e-03 9.8562467108e-01 1.5594006750e+00
2581 199.459 1.0771043091e-02 2.3732303026e-03 9.8579762617e-01 1.5617662366e+00
2582 199.536 1.0799355372e-02 2.3741168672e-03 9.8594744635e-01 1.5641514421e+00
2583 199.613 1.0838766454e-02 2.3749116960e-03 9.8608350501e-01 1.5664925462e+00
2584 199.691 1.0878597419e-02 2.3756142845e-03 9.8629363785e-01 1.5687897372e+00
2585 199.768 1.0916501248e-02 2.3762240711e-03 9.8655423843e-01 1.5710432073e+00
2586 199.845 1.0953357485e-02 2.3767404491e-03 9.8679143586e-01 1.5732531513e+00
2587 199.923 1.0988211529e-02 2.3777679073e-03 9.8701268032e-01 1.5754197651e+00
2588 200.000 1.1021489736e-02 2.3788049861e-03 9.8721455519e-01 1.5778705191e+00
2589 200.077 1.1053281113e-02 2.3797482889e-03 9.8739308985e-01 1.5803420007e+00
2590 200.155 1.1095265146e-02 2.3805973565e-03 9.8754833013e-01 1.5827686962e+00
2591 200.232 1.1139244542e-02 2.3813516855e-03 9.8768032070e-01 1.5851507759e+00
2592 200.309 1.1156632014e-02 2.3815972826e-03 9.8790240217e-01 1.5869719567e+00
2593 200.387 1.1172902216e-02 2.3817645394e-03 9.8814627053e-01 1.5887644193e+00
2594 200.464 1.1187124341e-02 2.3823940349e-03 9.8837569836e-01 1.5905284413e+00
2595 200.541 1.1199848868e-02 2.3830400052e-03 9.8859068656e-01 1.5922642598e+00
2596 200.619 1.1210979059e-02 2.3836070063e-03 9.8879124164e-01 1.5942254925e+00
2597 200.696 1.1226722777e-02 2.3840945819e-03 9.8897737166e-01 1.5962003253e+00
2598 200.773 1.1250245029e-02 2.3845022523e-03 9.8914908459e-01 1.5981456337e+00
2599 200.851 1.1271757882e-02 2.3848295204e-03 9.8930638772e-01 1.6000615742e+00
2600 200.928 1.1292120021e-02 2.3850758809e-03 9.8944928737e-01 1.6019483112e+00
2601 201.005 1.1310419238e-02 2.3854255816e-03 9.8957778873e-01 1.6038060151e+00
2602 201.083 1.1327129471e-02 2.3861608806e-03 9.8974156257e-01 1.6056348620e+00
2603 201.160 1.1342288593e-02 2.3868148915e-03 9.8997138587e-01 1.6074350315e+00
2604 201.237 1.1355558117e-02 2.3873871973e-03 9.9018666513e-01 1.6092067056e+00
2605 201.315 1.1383359729e-02 2.3878773675e-03 9.9038741024e-01 1.6111909005e+00
2606 201.392 1.1409416028e-02 2.3882849659e-03 9.9057363001e-01 1.6132052305e+00
2607 201.469 1.1434173936e-02 2.3886095574e-03 9.9074533213e-01 1.6151897095e+00
2608 201.547 1.1457010307e-02 2.3888507154e-03 9.9090252309e-01 1.6171444931e+00
2609 201.624 1.1478088135e-02 2.3895467822e-03 9.9104520818e-01 1.6190697412e+00
2610 201.701 1.1497733659e-02 2.3902866367e-03 9.9117339141e-01 1.6209656167e+00
2611 201.779 1.1515288353e-02 2.3909427113e-03 9.9128707542e-01 1.6228322854e+00
2612 201.856 1.1539623077e-02 2.3915146261e-03 9.9140545864e-01 1.6246699138e+00
2613 201.933 1.1570811932e-02 2.3920020037e-03 9.9162149619e-01 1.6264786684e+00
2614 202.011 1.1600381984e-02 2.3924044748e-03 9.9182290111e-01 1.6283094547e+00
2615 202.088 1.1628302899e-02 2.3927216837e-03 9.9200968125e-01 1.6303644837e+00
2616 202.165 1.1654123435e-02 2.3932343081e-03 9.9218184324e-01 1.6323893215e+00
2617 202.243 1.1678703516e-02 2.3940592873e-03 9.9233939246e-01 1.6343841152e+00
2618 202.320 1.1701272966e-02 2.3947985810e-03 9.9248233297e-01 1.6363490147e+00
2619 202.398 1.1722326739e-02 2.3954518582e-03 9.9261066743e-01 1.6382841716e+00
2620 202.475 1.1756507094e-02 2.3960187958e-03 9.9272439705e-01 1.6401897383e+00
2621 202.552 1.1791369002e-02 2.3964990829e-03 9.9282352153e-01 1.6420658670e+00
2622 202.630 1.1824876800e-02 2.3972650839e-03 9.9292632468e-01 1.6439127082e+00
2623 202.707 1.1856408314e-02 2.3980248035e-03 9.9312883749e-01 1.6458977018e+00
2624 202.784 1.1886085807e-02 2.3987033193e-03 9.9331662552e-01 1.6479949814e+00
2625 202.862 1.1914314789e-02 2.3993003727e-03 9.9348969426e-01 1.6500617085e+00
2626 202.939 1.1940409635e-02 2.3998156944e-03 9.9364804785e-01 1.6520980185e+00
2627 203.016 1.1966021280e-02 2.4004408610e-03 9.9379168900e-01 1.6541040488e+00
2628 203.094 1.2007370824e-02 2.4014607009e-03 9.9392061891e-01 1.6560799374e+00
2629 203.171 1.2046609317e-02 2.4023978852e-03 9.9403483722e-01 1.6580258228e+00
2630 203.248 1.2084553011e-02 2.4032521904e-03 9.9413434191e-01 1.6599418424e+00
2631 203.326 1.2120400242e-02 2.4040233808e-03 9.9421912918e-01 1.6618877574e+00
2632 203.403 1.2154323284e-02 2.4047112115e-03 9.9435706648e-01 1.6640600288e+00
2633 203.480 1.2186806515e-02 2.4053154322e-03 9.9454629325e-01 1.6662012444e+00
2634 203.558 1.2217132006e-02 2.4058357905e-03 9.9472069812e-01 1.6683115242e+00
2635 203.635 1.2246479820e-02 2.4069272395e-03 9.9488028389e-01 1.6703909908e+00
2636 203.712 1.2293025211e-02 2.4079605043e-03 9.9502505180e-01 1.6724397682e+00
2637 203.790 1.2337447307e-02 2.4089090433e-03 9.9515500150e-01 1.6744579815e+00
2638 203.867 1.2380202090e-02 2.4097726308e-03 9.9527013091e-01 1.6764457556e+00
2639 203.944 1.2421174968e-02 2.4105510367e-03 9.9537043618e-01 1.6784294335e+00
2640 204.022 1.2459985890e-02 2.4112440288e-03 9.9545591156e-01 1.6806794488e+00
2641 204.099 1.2497428241e-02 2.4118513760e-03 9.9552654932e-01 1.6828979108e+00
2642 204.176 1.2532799962e-02 2.4128522311e-03 9.9569973412e-01 1.6850849240e+00
2643 204.254 1.2539285267e-02 2.4136935696e-03 9.9588943077e-01 1.6867798502e+00
2644 204.331 1.2557743053e-02 2.4144687295e-03 9.9606960035e-01 1.6884549330e+00
2645 204.408 1.2580526173e-02 2.4151800223e-03 9.9624039663e-01 1.6901100716e+00
